{"stat.pickup.minecraft.tripwire_hook":2,"stat.useItem.minecraft.quartz_block":756,"stat.pickup.minecraft.redstone_torch":5,"stat.leaveGame":4,"stat.useItem.minecraft.diamond_sword":7,"stat.pickup.minecraft.diamond_sword":4,"stat.jump":126,"stat.crouchOneCm":2721,"stat.pickup.minecraft.dirt":2,"stat.drop.minecraft.redstone_torch":1,"stat.damageTaken":320,"stat.drop.minecraft.nether_star":1,"stat.pickup.minecraft.diamond_leggings":5,"stat.flyOneCm":759091,"stat.killEntity.Shulker":8,"stat.damageDealt":80,"stat.drop.minecraft.tnt":1,"stat.timeSinceDeath":83463,"stat.drop.minecraft.shulker_shell":1,"stat.useItem.minecraft.spawn_egg":117,"stat.pickup.minecraft.shulker_shell":2,"stat.useItem.minecraft.command_block":1,"stat.walkOneCm":82870,"stat.useItem.minecraft.lever":3,"stat.drop.minecraft.diamond_chestplate":1,"stat.drop.minecraft.spawn_egg":8,"stat.pickup.minecraft.tnt":5,"stat.drop.minecraft.diamond_helmet":1,"stat.pickup.minecraft.nether_star":1,"stat.drop.minecraft.diamond_leggings":1,"stat.useItem.minecraft.stained_hardened_clay":834,"stat.useItem.minecraft.leaves":200,"stat.sprintOneCm":5868,"stat.drop.minecraft.command_block":1,"stat.useItem.minecraft.fence":184,"stat.pickup.minecraft.skull":2,"stat.drop.minecraft.lever":64,"stat.pickup.minecraft.diamond_helmet":5,"stat.mobKills":8,"stat.pickup.minecraft.diamond_chestplate":5,"stat.pickup.minecraft.lever":1,"stat.deaths":1,"stat.drop":16,"stat.pickup.minecraft.egg":2,"stat.playOneMinute":83570,"stat.sneakTime":392}