{"stats":{"minecraft:killed":{"minecraft:sheep":3},"minecraft:mined":{"minecraft:white_bed":2,"minecraft:crafting_table":3,"minecraft:coal_ore":45,"minecraft:oak_log":7,"minecraft:gravel":5,"minecraft:copper_ore":9,"minecraft:stone":92},"minecraft:crafted":{"minecraft:wooden_sword":1,"minecraft:oak_planks":28,"minecraft:crafting_table":1,"minecraft:stick":24,"minecraft:wooden_pickaxe":1,"minecraft:stone_pickaxe":2,"minecraft:wooden_axe":1,"minecraft:furnace":1,"minecraft:white_bed":1,"minecraft:torch":36,"minecraft:stone_axe":1,"minecraft:cooked_mutton":5},"minecraft:custom":{"minecraft:time_since_rest":8268,"minecraft:interact_with_furnace":4,"minecraft:sprint_one_cm":34676,"minecraft:damage_taken":10,"minecraft:walk_one_cm":26679,"minecraft:mob_kills":3,"minecraft:damage_dealt":240,"minecraft:swim_one_cm":7738,"minecraft:interact_with_crafting_table":21,"minecraft:fly_one_cm":21910,"minecraft:play_time":13864,"minecraft:walk_under_water_one_cm":296,"minecraft:jump":160,"minecraft:time_since_death":13864,"minecraft:leave_game":1,"minecraft:walk_on_water_one_cm":339,"minecraft:sleep_in_bed":2,"minecraft:total_world_time":13864,"minecraft:fall_one_cm":2398},"minecraft:picked_up":{"minecraft:crafting_table":3,"minecraft:gravel":5,"minecraft:oak_log":7,"minecraft:white_bed":2,"minecraft:raw_copper":31,"minecraft:mutton":5,"minecraft:coal":45,"minecraft:white_wool":3,"minecraft:cobblestone":92},"minecraft:used":{"minecraft:cooked_mutton":1,"minecraft:wooden_axe":10,"minecraft:stone_pickaxe":139,"minecraft:wooden_pickaxe":12,"minecraft:stone_axe":1,"minecraft:torch":4,"minecraft:cobblestone":1,"minecraft:crafting_table":4,"minecraft:furnace":1,"minecraft:white_bed":3}},"DataVersion":3953}