{"stats":{"minecraft:killed":{"minecraft:sheep":3},"minecraft:mined":{"minecraft:white_bed":2,"minecraft:crafting_table":3,"minecraft:coal_ore":45,"minecraft:oak_log":7,"minecraft:gravel":5,"minecraft:copper_ore":11,"minecraft:stone":144},"minecraft:crafted":{"minecraft:wooden_sword":1,"minecraft:oak_planks":28,"minecraft:crafting_table":1,"minecraft:stick":24,"minecraft:wooden_pickaxe":1,"minecraft:stone_pickaxe":2,"minecraft:wooden_axe":1,"minecraft:furnace":1,"minecraft:white_bed":1,"minecraft:torch":36,"minecraft:stone_axe":1,"minecraft:cooked_mutton":5},"minecraft:custom":{"minecraft:time_since_rest":3482,"minecraft:interact_with_furnace":4,"minecraft:sprint_one_cm":36791,"minecraft:damage_taken":235,"minecraft:walk_one_cm":31938,"minecraft:mob_kills":3,"minecraft:damage_dealt":240,"minecraft:swim_one_cm":7738,"minecraft:interact_with_crafting_table":21,"minecraft:fly_one_cm":103343,"minecraft:play_time":20378,"minecraft:deaths":1,"minecraft:sneak_time":225,"minecraft:walk_under_water_one_cm":318,"minecraft:jump":190,"minecraft:time_since_death":3363,"minecraft:leave_game":2,"minecraft:walk_on_water_one_cm":3208,"minecraft:sleep_in_bed":2,"minecraft:total_world_time":20378,"minecraft:fall_one_cm":2398},"minecraft:picked_up":{"minecraft:crafting_table":3,"minecraft:gravel":5,"minecraft:oak_log":7,"minecraft:white_bed":2,"minecraft:raw_copper":38,"minecraft:mutton":5,"minecraft:coal":45,"minecraft:white_wool":3,"minecraft:cobblestone":144},"minecraft:killed_by":{"minecraft:skeleton":1},"minecraft:used":{"minecraft:cooked_mutton":1,"minecraft:wooden_axe":10,"minecraft:stone_pickaxe":193,"minecraft:wooden_pickaxe":12,"minecraft:stone_axe":1,"minecraft:torch":6,"minecraft:cobblestone":9,"minecraft:crafting_table":4,"minecraft:furnace":1,"minecraft:white_bed":3}},"DataVersion":3953}