{"stats":{"minecraft:custom":{"minecraft:mob_kills":71,"minecraft:interact_with_crafting_table":12,"minecraft:open_barrel":9,"minecraft:leave_game":9,"minecraft:time_since_death":9975,"minecraft:climb_one_cm":10298,"minecraft:damage_resisted":36,"minecraft:sprint_one_cm":499731,"minecraft:walk_one_cm":285515,"minecraft:drop":41,"minecraft:talked_to_villager":1,"minecraft:play_time":178006,"minecraft:deaths":22,"minecraft:sneak_time":4355,"minecraft:walk_under_water_one_cm":32521,"minecraft:boat_one_cm":52960,"minecraft:jump":5620,"minecraft:walk_on_water_one_cm":76157,"minecraft:total_world_time":178006,"minecraft:interact_with_furnace":25,"tombstone:raider_killed":3,"minecraft:sleep_in_bed":7,"minecraft:time_since_rest":8666,"minecraft:damage_taken":4680,"minecraft:damage_dealt":8207,"minecraft:swim_one_cm":230608,"minecraft:fly_one_cm":1307408,"minecraft:player_kills":1,"minecraft:open_chest":20,"minecraft:crouch_one_cm":10974,"tombstone:undead_killed":7,"minecraft:fish_caught":4,"minecraft:fall_one_cm":144054},"minecraft:killed_by":{"alexsmobs:skelewag":1,"minecraft:player":4,"minecraft:creeper":1,"minecraft:spider":1,"born_in_chaos_v1:zombie_bruiser":1,"minecraft:iron_golem":1,"alexsmobs:capuchin_monkey":1,"minecraft:vindicator":1,"minecraft:skeleton":4,"minecraft:zombie":2,"alexsmobs:kangaroo":1},"minecraft:used":{"minecraft:flint_and_steel":21,"minecraft:wooden_shovel":22,"minecraft:dirt":4,"minecraft:mutton":1,"minecraft:jungle_planks":1,"minecraft:wooden_axe":23,"minecraft:beef":4,"minecraft:furnace":1,"tombstone:gift":1,"minecraft:cooked_beef":4,"minecraft:cooked_mutton":2,"farmersdelight:iron_knife":198,"minecraft:stone_pickaxe":43,"farmersdelight:golden_knife":6,"minecraft:wooden_pickaxe":49,"minecraft:white_wool":5,"minecraft:salmon":1,"minecraft:sand":5,"minecraft:crafting_table":4,"minecraft:crossbow":22,"minecraft:white_bed":11,"minecraft:apple":3,"minecraft:chicken":1,"minecraft:melon_slice":3,"byg:tall_allium":1,"tombstone:grave_key":8,"minecraft:pufferfish":1,"minecraft:fishing_rod":26,"minecraft:cobblestone":20,"travelersbackpack:standard":1,"minecraft:porkchop":2,"alexsmobs:animal_dictionary":3,"minecraft:coarse_dirt":8,"minecraft:golden_pickaxe":3},"minecraft:killed":{"minecraft:spider":2,"minecraft:vindicator":1,"alexsmobs:seagull":4,"born_in_chaos_v1:maggot":1,"minecraft:skeleton":2,"alexsmobs:blue_jay":2,"alexsmobs:leafcutter_ant":4,"minecraft:chicken":6,"minecraft:pig":14,"alexsmobs:seal":2,"minecraft:iron_golem":1,"born_in_chaos_v1:decrepit_skeleton":1,"minecraft:sheep":14,"minecraft:pillager":2,"minecraft:zombie":4,"alexsmobs:terrapin":1,"alexsmobs:fly":1,"minecraft:cow":9},"minecraft:mined":{"byg:clover_patch":1,"minecraft:white_bed":9,"alexsmobs:leafcutter_anthill":2,"byg:pink_allium_flower_bush":1,"minecraft:jungle_log":1,"alexsmobs:leafcutter_ant_chamber":3,"minecraft:red_mushroom":1,"minecraft:sandstone":1,"minecraft:hay_block":9,"minecraft:iron_ore":16,"minecraft:fire":9,"minecraft:vine":1,"byg:apple_fruit_block":1,"minecraft:stone":30,"minecraft:white_wool":4,"byg:white_puffball":6,"travelersbackpack:standard":5,"minecraft:crafting_table":1,"minecraft:melon":1,"minecraft:rose_bush":1,"byg:firecracker_flower_bush":3,"minecraft:tall_grass":3,"minecraft:cobblestone":2,"minecraft:sugar_cane":7,"minecraft:coarse_dirt":2,"minecraft:birch_leaves":1,"minecraft:tnt":1,"minecraft:grass":33,"minecraft:oak_log":11,"minecraft:coal_ore":4,"minecraft:sand":32,"minecraft:dirt":3,"byg:tall_pink_allium":1,"byg:tall_allium":6,"minecraft:oak_leaves":9,"minecraft:fern":6},"minecraft:picked_up":{"minecraft:crafting_table":1,"minecraft:coarse_dirt":8,"minecraft:chicken":5,"minecraft:wooden_pickaxe":2,"tombstone:grave_key":1,"minecraft:string":4,"minecraft:pufferfish":1,"minecraft:beef":29,"farmersdelight:straw":1,"minecraft:rose_bush":1,"minecraft:wooden_shovel":1,"minecraft:poppy":1,"minecraft:light_gray_wool":1,"minecraft:melon_slice":6,"minecraft:sugar_cane":23,"minecraft:raw_iron":16,"minecraft:sandstone":2,"minecraft:porkchop":27,"tombstone:grave_dust":1,"minecraft:tnt":2,"minecraft:arrow":7,"minecraft:rotten_flesh":8,"minecraft:hay_block":9,"minecraft:mutton":30,"minecraft:cod":2,"minecraft:cobblestone":42,"minecraft:white_wool":18,"born_in_chaos_v1:corpse_maggot":1,"minecraft:feather":8,"minecraft:salmon":2,"minecraft:jungle_log":1,"minecraft:leather":26,"minecraft:oak_log":11,"minecraft:dirt":15,"minecraft:cooked_mutton":5,"minecraft:bone":3,"farmersdelight:iron_knife":1,"minecraft:apple":1,"minecraft:bow":1,"minecraft:wheat_seeds":14,"minecraft:iron_ingot":3,"minecraft:oak_planks":9,"firstaid:plaster":1,"minecraft:jungle_planks":1,"minecraft:sand":34,"minecraft:white_bed":11,"farmersdelight:ham":5,"alexsmobs:animal_dictionary":2,"travelersbackpack:standard":6,"byg:tall_allium":4,"alexsmobs:maggot":2,"minecraft:oak_sapling":2,"tombstone:magic_scroll":1,"minecraft:coal":4},"minecraft:broken":{"minecraft:wooden_shovel":1,"minecraft:wooden_pickaxe":1,"minecraft:leather_boots":1,"minecraft:wooden_axe":1},"minecraft:crafted":{"minecraft:oak_planks":28,"minecraft:furnace":1,"minecraft:stone_pickaxe":1,"minecraft:wheat":81,"minecraft:cooked_beef":6,"minecraft:crafting_table":3,"farmersdelight:iron_knife":1,"minecraft:wooden_pickaxe":1,"minecraft:air":0,"minecraft:jungle_planks":4,"minecraft:stick":12,"minecraft:iron_ingot":8,"minecraft:white_bed":2},"minecraft:dropped":{"minecraft:iron_ingot":2,"farmersdelight:iron_knife":1,"minecraft:wheat_seeds":9,"minecraft:poisonous_potato":6,"minecraft:leather":8,"farmersdelight:rice":2,"minecraft:cod":2,"tombstone:grave_key":1,"minecraft:sand":4,"minecraft:string":1,"minecraft:white_wool":4,"alexsmobs:maggot":1,"minecraft:iron_nugget":3,"alexsmobs:animal_dictionary":2,"minecraft:rotten_flesh":6,"byg:tall_allium":3,"farmersdelight:straw":1,"minecraft:salmon":1,"minecraft:suspicious_stew":1,"minecraft:golden_leggings":1,"minecraft:oak_sapling":1,"minecraft:bamboo":1,"minecraft:sandstone":1,"minecraft:bow":1,"minecraft:wooden_pickaxe":1,"firstaid:plaster":4}},"DataVersion":3120}