{"stats":{"minecraft:dropped":{"minecraft:iron_ingot":2,"farmersdelight:iron_knife":1,"minecraft:wheat_seeds":9,"minecraft:leather":8,"farmersdelight:rice":2,"minecraft:cod":2,"minecraft:sand":4,"minecraft:string":1,"minecraft:white_wool":4,"alexsmobs:maggot":1,"minecraft:iron_nugget":3,"alexsmobs:animal_dictionary":2,"byg:tall_allium":3,"farmersdelight:straw":1,"minecraft:salmon":1,"minecraft:golden_leggings":1,"minecraft:oak_sapling":1,"minecraft:bamboo":1,"minecraft:sandstone":1,"minecraft:wooden_pickaxe":1,"firstaid:plaster":4},"minecraft:picked_up":{"minecraft:coarse_dirt":8,"minecraft:crafting_table":1,"minecraft:chicken":4,"minecraft:wooden_pickaxe":2,"minecraft:string":1,"minecraft:pufferfish":1,"minecraft:beef":26,"farmersdelight:straw":1,"minecraft:rose_bush":1,"minecraft:wooden_shovel":1,"minecraft:poppy":1,"minecraft:light_gray_wool":1,"minecraft:melon_slice":6,"minecraft:sugar_cane":23,"minecraft:raw_iron":16,"minecraft:sandstone":2,"minecraft:porkchop":13,"tombstone:grave_dust":1,"minecraft:tnt":2,"minecraft:arrow":2,"minecraft:hay_block":9,"minecraft:mutton":28,"minecraft:cod":2,"minecraft:cobblestone":40,"minecraft:white_wool":16,"minecraft:feather":6,"minecraft:jungle_log":1,"minecraft:salmon":2,"minecraft:leather":24,"minecraft:oak_log":9,"minecraft:cooked_mutton":5,"farmersdelight:iron_knife":1,"minecraft:apple":1,"minecraft:wheat_seeds":14,"minecraft:iron_ingot":3,"minecraft:oak_planks":9,"firstaid:plaster":1,"minecraft:jungle_planks":1,"minecraft:sand":34,"minecraft:white_bed":11,"farmersdelight:ham":2,"alexsmobs:animal_dictionary":2,"travelersbackpack:standard":4,"byg:tall_allium":4,"alexsmobs:maggot":2,"minecraft:oak_sapling":2,"minecraft:coal":4},"minecraft:killed":{"minecraft:vindicator":1,"minecraft:spider":1,"alexsmobs:seagull":4,"alexsmobs:blue_jay":1,"alexsmobs:leafcutter_ant":4,"minecraft:chicken":2,"minecraft:pig":8,"alexsmobs:seal":2,"minecraft:iron_golem":1,"born_in_chaos_v1:decrepit_skeleton":1,"minecraft:sheep":12,"minecraft:pillager":2,"minecraft:zombie":2,"alexsmobs:terrapin":1,"alexsmobs:fly":1,"minecraft:cow":8},"minecraft:custom":{"minecraft:mob_kills":49,"minecraft:interact_with_crafting_table":10,"minecraft:open_barrel":9,"minecraft:leave_game":7,"minecraft:time_since_death":16697,"minecraft:climb_one_cm":9301,"minecraft:damage_resisted":11,"minecraft:sprint_one_cm":425838,"minecraft:walk_one_cm":237606,"minecraft:drop":34,"minecraft:talked_to_villager":1,"minecraft:play_time":147262,"minecraft:deaths":16,"minecraft:sneak_time":3753,"minecraft:walk_under_water_one_cm":24265,"minecraft:boat_one_cm":52960,"minecraft:jump":4769,"minecraft:walk_on_water_one_cm":66924,"minecraft:total_world_time":147262,"minecraft:interact_with_furnace":25,"tombstone:raider_killed":3,"minecraft:sleep_in_bed":6,"minecraft:time_since_rest":16270,"minecraft:damage_taken":3295,"minecraft:damage_dealt":6189,"minecraft:swim_one_cm":202307,"minecraft:fly_one_cm":1082870,"minecraft:player_kills":1,"minecraft:open_chest":14,"minecraft:crouch_one_cm":10043,"tombstone:undead_killed":3,"minecraft:fish_caught":4,"minecraft:fall_one_cm":124433},"minecraft:crafted":{"minecraft:oak_planks":20,"minecraft:furnace":1,"minecraft:stone_pickaxe":1,"minecraft:wheat":81,"minecraft:cooked_beef":6,"minecraft:crafting_table":2,"farmersdelight:iron_knife":1,"minecraft:wooden_pickaxe":1,"minecraft:air":0,"minecraft:jungle_planks":4,"minecraft:stick":12,"minecraft:iron_ingot":8,"minecraft:white_bed":1},"minecraft:broken":{"minecraft:wooden_shovel":1,"minecraft:wooden_pickaxe":1,"minecraft:wooden_axe":1},"minecraft:killed_by":{"alexsmobs:skelewag":1,"minecraft:player":4,"minecraft:spider":1,"born_in_chaos_v1:zombie_bruiser":1,"minecraft:iron_golem":1,"alexsmobs:capuchin_monkey":1,"minecraft:vindicator":1,"minecraft:skeleton":1,"minecraft:zombie":1,"alexsmobs:kangaroo":1},"minecraft:used":{"minecraft:flint_and_steel":12,"minecraft:wooden_shovel":22,"minecraft:jungle_planks":1,"minecraft:wooden_axe":23,"minecraft:beef":3,"minecraft:furnace":1,"tombstone:gift":1,"minecraft:cooked_beef":4,"minecraft:cooked_mutton":2,"farmersdelight:iron_knife":139,"minecraft:stone_pickaxe":41,"minecraft:wooden_pickaxe":49,"minecraft:salmon":1,"minecraft:white_wool":5,"minecraft:sand":5,"minecraft:crafting_table":3,"minecraft:crossbow":11,"minecraft:white_bed":10,"minecraft:apple":3,"minecraft:melon_slice":3,"byg:tall_allium":1,"tombstone:grave_key":7,"minecraft:pufferfish":1,"minecraft:fishing_rod":26,"minecraft:cobblestone":18,"travelersbackpack:standard":1,"minecraft:porkchop":2,"alexsmobs:animal_dictionary":3,"minecraft:coarse_dirt":8},"minecraft:mined":{"byg:clover_patch":1,"minecraft:white_bed":9,"alexsmobs:leafcutter_anthill":2,"byg:pink_allium_flower_bush":1,"minecraft:jungle_log":1,"alexsmobs:leafcutter_ant_chamber":3,"minecraft:red_mushroom":1,"minecraft:sandstone":1,"minecraft:hay_block":9,"minecraft:iron_ore":16,"minecraft:fire":2,"minecraft:vine":1,"byg:apple_fruit_block":1,"minecraft:stone":30,"minecraft:white_wool":4,"byg:white_puffball":6,"travelersbackpack:standard":3,"minecraft:crafting_table":1,"minecraft:melon":1,"minecraft:rose_bush":1,"byg:firecracker_flower_bush":3,"minecraft:tall_grass":3,"minecraft:sugar_cane":7,"minecraft:coarse_dirt":2,"minecraft:birch_leaves":1,"minecraft:tnt":1,"minecraft:grass":30,"minecraft:oak_log":9,"minecraft:coal_ore":4,"minecraft:sand":32,"minecraft:dirt":3,"byg:tall_pink_allium":1,"byg:tall_allium":6,"minecraft:oak_leaves":6,"minecraft:fern":6}},"DataVersion":3120}