{"stats":{"minecraft:killed":{"minecraft:chicken":3,"minecraft:spider":1,"minecraft:cow":4},"minecraft:mined":{"minecraft:furnace":2,"minecraft:iron_ore":4,"minecraft:crafting_table":2,"minecraft:oak_log":10,"minecraft:coal_ore":22,"minecraft:cobblestone":2,"minecraft:stone":21,"minecraft:oak_leaves":6},"minecraft:custom":{"minecraft:time_since_rest":18927,"minecraft:interact_with_furnace":5,"minecraft:sprint_one_cm":38761,"minecraft:damage_taken":115,"minecraft:walk_one_cm":30809,"minecraft:mob_kills":9,"minecraft:damage_dealt":748,"minecraft:swim_one_cm":13591,"minecraft:interact_with_crafting_table":5,"minecraft:fly_one_cm":70640,"minecraft:crouch_one_cm":66,"minecraft:play_time":18927,"minecraft:sneak_time":79,"minecraft:walk_under_water_one_cm":305,"minecraft:jump":371,"minecraft:leave_game":1,"minecraft:walk_on_water_one_cm":234,"minecraft:time_since_death":18927,"minecraft:total_world_time":18927,"minecraft:fall_one_cm":10281},"minecraft:crafted":{"minecraft:cooked_beef":5,"minecraft:oak_planks":40,"minecraft:shield":1,"minecraft:crafting_table":1,"minecraft:stick":8,"minecraft:wooden_pickaxe":1,"minecraft:iron_ingot":4,"minecraft:stone_pickaxe":1,"minecraft:wooden_axe":1,"minecraft:furnace":1,"minecraft:air":0},"minecraft:picked_up":{"minecraft:crafting_table":2,"minecraft:stick":4,"minecraft:raw_iron":4,"minecraft:feather":3,"minecraft:chicken":3,"minecraft:leather":2,"minecraft:oak_log":10,"minecraft:spider_eye":1,"minecraft:string":2,"minecraft:leather_boots":1,"minecraft:bone":1,"minecraft:arrow":1,"minecraft:rotten_flesh":1,"minecraft:apple":1,"minecraft:beef":5,"minecraft:oak_sapling":5,"minecraft:coal":42,"minecraft:cobblestone":23,"minecraft:furnace":2},"minecraft:used":{"minecraft:wooden_axe":14,"minecraft:stone_pickaxe":44,"minecraft:wooden_pickaxe":7,"minecraft:rotten_flesh":1,"minecraft:cobblestone":10,"minecraft:crafting_table":2,"minecraft:oak_sapling":1,"minecraft:furnace":2,"minecraft:cooked_beef":1}},"DataVersion":3953}