{"stats":{"minecraft:killed":{"minecraft:skeleton":1,"minecraft:zombie":1,"minecraft:chicken":5,"minecraft:spider":1,"minecraft:creeper":1,"minecraft:cow":4},"minecraft:mined":{"minecraft:furnace":2,"minecraft:iron_ore":4,"minecraft:crafting_table":2,"minecraft:oak_log":10,"minecraft:coal_ore":73,"minecraft:cobblestone":2,"minecraft:stone":26,"minecraft:oak_leaves":6},"minecraft:custom":{"minecraft:time_since_rest":522,"minecraft:interact_with_furnace":5,"minecraft:sprint_one_cm":55573,"minecraft:damage_taken":581,"minecraft:walk_one_cm":41630,"minecraft:damage_blocked_by_shield":135,"minecraft:mob_kills":14,"minecraft:damage_dealt":1533,"minecraft:swim_one_cm":13591,"minecraft:interact_with_crafting_table":5,"minecraft:fly_one_cm":99438,"minecraft:deaths":1,"minecraft:crouch_one_cm":717,"minecraft:play_time":25885,"minecraft:sneak_time":374,"minecraft:walk_under_water_one_cm":305,"minecraft:jump":531,"minecraft:leave_game":2,"minecraft:walk_on_water_one_cm":234,"minecraft:time_since_death":443,"minecraft:total_world_time":25885,"minecraft:fall_one_cm":13327},"minecraft:crafted":{"minecraft:cooked_beef":5,"minecraft:oak_planks":40,"minecraft:shield":1,"minecraft:crafting_table":1,"minecraft:stick":8,"minecraft:wooden_pickaxe":1,"minecraft:iron_ingot":4,"minecraft:stone_pickaxe":1,"minecraft:wooden_axe":1,"minecraft:furnace":1,"minecraft:torch":24,"minecraft:air":0},"minecraft:picked_up":{"minecraft:crafting_table":2,"minecraft:stick":4,"minecraft:raw_iron":4,"minecraft:feather":3,"minecraft:chicken":5,"minecraft:leather":2,"minecraft:oak_log":10,"minecraft:gunpowder":1,"minecraft:spider_eye":1,"minecraft:string":2,"minecraft:leather_boots":1,"minecraft:bone":1,"minecraft:arrow":2,"minecraft:rotten_flesh":1,"minecraft:apple":1,"minecraft:beef":5,"minecraft:oak_sapling":5,"minecraft:coal":93,"minecraft:cobblestone":28,"minecraft:furnace":2},"minecraft:killed_by":{"minecraft:creeper":1},"minecraft:used":{"minecraft:wooden_axe":24,"minecraft:stone_pickaxe":100,"minecraft:shield":3,"minecraft:wooden_pickaxe":7,"minecraft:rotten_flesh":1,"minecraft:torch":4,"minecraft:cobblestone":10,"minecraft:crafting_table":2,"minecraft:oak_sapling":1,"minecraft:furnace":2,"minecraft:cooked_beef":3}},"DataVersion":3953}