{"stats":{"minecraft:dropped":{"byg:biomepedia":2,"minecraft:bread":1,"minecraft:wheat_seeds":7,"minecraft:porkchop":1,"minecraft:glass_bottle":1,"minecraft:feather":4,"minecraft:cobblestone":11,"minecraft:leather":6,"minecraft:jungle_planks":1,"travelersbackpack:standard":1,"minecraft:dirt":1,"minecraft:mutton":5,"minecraft:melon_slice":3,"tombstone:grave_dust":3,"minecraft:bone":3,"alexsmobs:maggot":1,"minecraft:sugar_cane":10,"minecraft:iron_nugget":12,"alexsmobs:animal_dictionary":2,"minecraft:chicken":2,"byg:tall_allium":1,"minecraft:light_gray_wool":1,"minecraft:oak_planks":9,"farmersdelight:straw":1,"minecraft:cooked_mutton":5,"minecraft:white_bed":2,"minecraft:pumpkin_seeds":93,"minecraft:wooden_shovel":1,"minecraft:oak_sapling":1,"minecraft:bamboo":1,"minecraft:sandstone":1,"minecraft:wooden_pickaxe":2,"minecraft:beef":8,"firstaid:plaster":1,"minecraft:egg":1},"minecraft:picked_up":{"minecraft:crafting_table":4,"cgm:basic_bullet":256,"minecraft:chicken":2,"minecraft:gold_block":1,"minecraft:raw_copper":23,"minecraft:string":7,"born_in_chaos_v1:mesh_door":1,"minecraft:beef":4,"farmersdelight:straw":1,"minecraft:oak_boat":2,"minecraft:rose_bush":1,"minecraft:iron_nugget":12,"alexsmobs:raccoon_tail":1,"minecraft:light_gray_wool":2,"minecraft:melon_slice":31,"minecraft:sugar_cane":6,"cgm:advanced_bullet":32,"minecraft:furnace":2,"minecraft:egg":3,"minecraft:stick":6,"minecraft:raw_iron":26,"minecraft:sandstone":1,"minecraft:torch":1,"minecraft:porkchop":1,"tombstone:grave_dust":2,"minecraft:arrow":7,"minecraft:rotten_flesh":14,"minecraft:mutton":25,"byg:white_puffball_spores":2,"minecraft:white_wool":21,"alexsmobs:lobster_tail":1,"minecraft:cobblestone":57,"minecraft:oxeye_daisy":1,"born_in_chaos_v1:corpse_maggot":6,"minecraft:feather":4,"minecraft:jungle_log":7,"minecraft:leather":8,"minecraft:golden_leggings":1,"minecraft:potato":2,"minecraft:flint":1,"minecraft:oak_log":16,"byg:white_puffball_cap":1,"minecraft:gunpowder":1,"byg:magenta_amaranth":1,"byg:firecracker_flower_bush":1,"minecraft:dirt":7,"byg:cyan_amaranth":1,"minecraft:bone":5,"minecraft:bow":1,"minecraft:wheat_seeds":4,"minecraft:iron_ingot":2,"minecraft:bamboo":2,"firstaid:plaster":4,"minecraft:gravel":4,"minecraft:sand":8,"minecraft:white_bed":1,"cgm:pistol":1,"minecraft:light_gray_concrete":7,"travelersbackpack:standard":1,"minecraft:pumpkin_seeds":93,"born_in_chaos_v1:fire_dust":2,"byg:tall_allium":1,"minecraft:granite":3,"minecraft:crossbow":1,"minecraft:gray_wool":1,"minecraft:bread":1,"minecraft:emerald":2,"minecraft:oak_sapling":6,"minecraft:netherrack":1,"minecraft:coal":66},"minecraft:killed":{"alexsmobs:lobster":5,"born_in_chaos_v1:door_knight_not_despawn":1,"alexsmobs:raccoon":4,"minecraft:spider":4,"born_in_chaos_v1:maggot":5,"minecraft:skeleton":1,"alexsmobs:leafcutter_ant":3,"minecraft:chicken":2,"born_in_chaos_v1:firelight_not_despawn":2,"minecraft:cat":1,"minecraft:pig":1,"born_in_chaos_v1:baby_skeleton":1,"minecraft:creeper":1,"born_in_chaos_v1:decrepit_skeleton":2,"minecraft:sheep":18,"born_in_chaos_v1:bloody_gadfly":1,"minecraft:pillager":4,"minecraft:zombie":8,"minecraft:cow":3},"minecraft:custom":{"minecraft:mob_kills":69,"minecraft:interact_with_crafting_table":30,"minecraft:open_barrel":15,"minecraft:damage_dealt_resisted":136,"minecraft:leave_game":1,"minecraft:time_since_death":3555,"minecraft:climb_one_cm":3699,"minecraft:sprint_one_cm":396082,"minecraft:walk_one_cm":195269,"minecraft:damage_blocked_by_shield":2815,"minecraft:drop":46,"minecraft:talked_to_villager":4,"minecraft:play_time":151184,"minecraft:deaths":9,"minecraft:sneak_time":1893,"minecraft:walk_under_water_one_cm":12580,"minecraft:boat_one_cm":78457,"tombstone:tomb_raiding":1,"minecraft:jump":4775,"minecraft:walk_on_water_one_cm":28343,"minecraft:total_world_time":151184,"minecraft:interact_with_furnace":56,"tombstone:raider_killed":4,"minecraft:sleep_in_bed":6,"minecraft:time_since_rest":3328,"minecraft:damage_taken":1947,"minecraft:damage_dealt":8743,"minecraft:swim_one_cm":107274,"minecraft:fly_one_cm":997723,"minecraft:player_kills":4,"minecraft:open_chest":18,"minecraft:crouch_one_cm":3233,"tombstone:undead_killed":13,"minecraft:fall_one_cm":135736},"minecraft:crafted":{"minecraft:light_gray_concrete_powder":8,"minecraft:oak_planks":52,"minecraft:furnace":1,"firstaid:plaster":3,"minecraft:cooked_mutton":35,"minecraft:glass":25,"travelersbackpack:white_sleeping_bag":2,"minecraft:iron_axe":1,"minecraft:chest":3,"cgm:workbench":1,"minecraft:cooked_beef":4,"minecraft:crafting_table":2,"travelersbackpack:standard":2,"travelersbackpack:backpack_tank":4,"minecraft:wooden_pickaxe":1,"minecraft:iron_helmet":1,"minecraft:copper_ingot":23,"minecraft:bucket":1,"minecraft:air":0,"minecraft:jungle_planks":20,"minecraft:oak_boat":1,"minecraft:iron_chestplate":1,"minecraft:shield":1,"minecraft:stick":20,"minecraft:iron_ingot":28,"minecraft:iron_pickaxe":1,"minecraft:wooden_axe":2,"minecraft:gold_ingot":9,"minecraft:light_gray_dye":1,"minecraft:white_bed":1,"minecraft:torch":80},"minecraft:broken":{"minecraft:wooden_axe":2},"minecraft:killed_by":{"alexsmobs:skelewag":1,"minecraft:player":1,"minecraft:spider":1,"alexsmobs:leafcutter_ant":1,"minecraft:pillager":1,"born_in_chaos_v1:zombie_bruiser":1,"born_in_chaos_v1:sir_pumpkinhead":1,"minecraft:skeleton":1},"minecraft:mined":{"minecraft:jungle_leaves":2,"minecraft:granite":3,"minecraft:grass_block":3,"minecraft:jungle_log":7,"byg:flower_patch":1,"minecraft:oxeye_daisy":1,"minecraft:spawner":2,"minecraft:furnace":2,"minecraft:iron_ore":26,"minecraft:fire":6,"minecraft:gold_block":1,"byg:magenta_amaranth":1,"minecraft:light_gray_concrete":8,"minecraft:stone":52,"byg:white_puffball":4,"byg:firecracker_leaves":1,"minecraft:acacia_leaves":1,"travelersbackpack:standard":1,"minecraft:crafting_table":4,"minecraft:melon":6,"minecraft:copper_ore":8,"byg:firecracker_flower_bush":1,"minecraft:tall_grass":2,"minecraft:sugar_cane":2,"minecraft:coarse_dirt":8,"byg:cyan_amaranth":1,"minecraft:light_gray_wool":1,"minecraft:grass":24,"minecraft:oak_log":16,"minecraft:coal_ore":68,"minecraft:gravel":5,"minecraft:sand":7,"minecraft:dirt":3,"byg:baobab_fruit_block":1,"born_in_chaos_v1:infernal_evil_pumpkin_s":1,"minecraft:netherrack":1,"minecraft:oak_leaves":17,"minecraft:fern":2},"minecraft:used":{"minecraft:rose_bush":1,"byg:firecracker_flower_bush":1,"minecraft:chest":1,"minecraft:shield":43,"minecraft:cooked_salmon":1,"minecraft:netherrack":1,"minecraft:iron_chestplate":1,"minecraft:torch":65,"minecraft:dirt":5,"cgm:workbench":1,"byg:magenta_amaranth":1,"minecraft:wooden_axe":72,"byg:white_puffball_spores":2,"alexsmobs:lobster_tail":1,"minecraft:iron_axe":97,"minecraft:iron_helmet":1,"minecraft:bamboo":1,"minecraft:oak_sapling":6,"minecraft:furnace":3,"tombstone:gift":4,"minecraft:egg":1,"minecraft:cooked_beef":1,"minecraft:cooked_mutton":4,"cgm:pistol":1,"minecraft:wooden_pickaxe":2,"minecraft:tnt":1,"minecraft:crafting_table":6,"minecraft:crossbow":19,"minecraft:white_bed":1,"minecraft:light_gray_concrete_powder":8,"byg:white_puffball_cap":1,"minecraft:bread":6,"minecraft:melon_slice":20,"minecraft:iron_pickaxe":172,"born_in_chaos_v1:mesh_door":1,"minecraft:cobblestone":34,"minecraft:potion":1,"travelersbackpack:standard":2,"byg:cyan_amaranth":1,"minecraft:bucket":4,"minecraft:oak_boat":3,"minecraft:gray_wool":1}},"DataVersion":3120}