{"stats":{"minecraft:mined":{"byg:clover_patch":8,"byg:yellow_daffodil":2,"minecraft:crafting_table":3,"minecraft:granite":34,"minecraft:grass_block":56,"minecraft:copper_ore":1,"minecraft:cobblestone":2,"minecraft:diorite":19,"byg:pink_allium":5,"minecraft:iron_ore":23,"minecraft:andesite":2,"byg:allium_flower_bush":1,"minecraft:grass":113,"minecraft:coal_ore":37,"minecraft:oak_log":12,"minecraft:gravel":7,"minecraft:dirt":16,"byg:tall_pink_allium":2,"minecraft:stone":146,"byg:tall_allium":1,"minecraft:oak_leaves":2,"minecraft:fern":6},"minecraft:custom":{"minecraft:interact_with_furnace":7,"minecraft:mob_kills":5,"minecraft:interact_with_crafting_table":13,"minecraft:leave_game":2,"minecraft:time_since_death":9076,"minecraft:climb_one_cm":1152,"minecraft:time_since_rest":7947,"minecraft:sprint_one_cm":112094,"minecraft:damage_taken":301,"minecraft:walk_one_cm":122210,"minecraft:damage_blocked_by_shield":500,"minecraft:drop":16,"minecraft:damage_dealt":1103,"minecraft:swim_one_cm":23992,"minecraft:fly_one_cm":70784,"minecraft:open_chest":1,"minecraft:play_time":62053,"tombstone:undead_killed":2,"minecraft:deaths":2,"minecraft:sneak_time":39,"minecraft:walk_under_water_one_cm":1865,"minecraft:jump":542,"minecraft:walk_on_water_one_cm":12169,"minecraft:total_world_time":62053,"minecraft:fall_one_cm":7350},"minecraft:broken":{"minecraft:stone_pickaxe":1},"minecraft:killed_by":{"minecraft:skeleton":1,"minecraft:spider":1},"minecraft:crafted":{"minecraft:wooden_sword":1,"minecraft:oak_planks":48,"minecraft:wooden_shovel":1,"minecraft:stone_shovel":1,"minecraft:crafting_table":2,"minecraft:wooden_pickaxe":1,"minecraft:iron_helmet":1,"minecraft:iron_sword":1,"minecraft:furnace":1,"minecraft:stone_axe":1,"minecraft:shield":1,"minecraft:stick":32,"minecraft:iron_ingot":11,"minecraft:iron_pickaxe":1,"minecraft:stone_pickaxe":2,"minecraft:wooden_axe":1,"minecraft:stone_sword":1,"minecraft:chest":1,"minecraft:torch":20},"minecraft:dropped":{"minecraft:gravel":1,"minecraft:wheat_seeds":1,"minecraft:raw_iron":1,"minecraft:coal":13},"minecraft:used":{"minecraft:diorite":5,"minecraft:stone_shovel":72,"minecraft:stone_pickaxe":182,"minecraft:wooden_pickaxe":16,"minecraft:chest":1,"minecraft:shield":15,"minecraft:iron_sword":66,"minecraft:wooden_shovel":16,"minecraft:torch":19,"minecraft:crafting_table":5,"minecraft:granite":11,"minecraft:wooden_axe":2,"minecraft:iron_pickaxe":149,"minecraft:gravel":2,"minecraft:stone_axe":9,"minecraft:cobblestone":120,"minecraft:furnace":1},"minecraft:picked_up":{"minecraft:crafting_table":3,"minecraft:andesite":2,"byg:pink_allium":4,"byg:tall_pink_allium":2,"minecraft:oak_log":12,"minecraft:gunpowder":2,"minecraft:dirt":73,"minecraft:raw_copper":4,"minecraft:bone":3,"minecraft:wheat_seeds":6,"byg:yellow_daffodil":2,"minecraft:raw_iron":25,"minecraft:gravel":8,"minecraft:porkchop":4,"minecraft:diorite":19,"minecraft:arrow":4,"byg:tall_allium":1,"minecraft:granite":33,"tombstone:magic_scroll":1,"minecraft:coal":50,"minecraft:cobblestone":153},"minecraft:killed":{"minecraft:pig":3,"minecraft:skeleton":2}},"DataVersion":3120}