{"stats":{"minecraft:mined":{"minecraft:iron_ore":18,"minecraft:crafting_table":3,"minecraft:granite":31,"minecraft:grass":26,"minecraft:grass_block":6,"minecraft:oak_log":12,"minecraft:coal_ore":35,"minecraft:gravel":7,"minecraft:dirt":12,"minecraft:cobblestone":1,"minecraft:stone":119,"minecraft:diorite":7,"minecraft:oak_leaves":2,"minecraft:fern":6},"minecraft:custom":{"minecraft:time_since_rest":2627,"minecraft:interact_with_furnace":7,"minecraft:sprint_one_cm":35008,"minecraft:damage_taken":115,"minecraft:walk_one_cm":46460,"minecraft:damage_blocked_by_shield":150,"minecraft:mob_kills":1,"minecraft:drop":16,"minecraft:damage_dealt":352,"minecraft:swim_one_cm":12605,"minecraft:interact_with_crafting_table":11,"minecraft:fly_one_cm":22243,"minecraft:open_chest":1,"tombstone:undead_killed":1,"minecraft:play_time":34116,"minecraft:deaths":1,"minecraft:walk_under_water_one_cm":141,"minecraft:jump":175,"minecraft:leave_game":1,"minecraft:time_since_death":4538,"minecraft:walk_on_water_one_cm":9117,"minecraft:climb_one_cm":1072,"minecraft:total_world_time":34116,"minecraft:fall_one_cm":1105},"minecraft:broken":{"minecraft:stone_pickaxe":1},"minecraft:killed_by":{"minecraft:spider":1},"minecraft:crafted":{"minecraft:wooden_sword":1,"minecraft:oak_planks":48,"minecraft:wooden_shovel":1,"minecraft:stone_shovel":1,"minecraft:shield":1,"minecraft:crafting_table":2,"minecraft:iron_sword":1,"minecraft:iron_helmet":1,"minecraft:stick":32,"minecraft:iron_pickaxe":1,"minecraft:iron_ingot":11,"minecraft:wooden_pickaxe":1,"minecraft:stone_pickaxe":2,"minecraft:wooden_axe":1,"minecraft:stone_sword":1,"minecraft:chest":1,"minecraft:furnace":1,"minecraft:torch":20,"minecraft:stone_axe":1},"minecraft:dropped":{"minecraft:gravel":1,"minecraft:wheat_seeds":1,"minecraft:raw_iron":1,"minecraft:coal":13},"minecraft:used":{"minecraft:wooden_axe":2,"minecraft:stone_shovel":4,"minecraft:stone_pickaxe":182,"minecraft:iron_pickaxe":20,"minecraft:shield":4,"minecraft:chest":1,"minecraft:wooden_pickaxe":16,"minecraft:iron_sword":37,"minecraft:wooden_shovel":16,"minecraft:gravel":2,"minecraft:stone_axe":4,"minecraft:torch":10,"minecraft:cobblestone":2,"minecraft:crafting_table":5,"minecraft:furnace":1},"minecraft:picked_up":{"minecraft:raw_iron":20,"minecraft:crafting_table":3,"minecraft:gravel":8,"minecraft:bone":2,"minecraft:oak_log":12,"minecraft:gunpowder":2,"minecraft:diorite":7,"minecraft:dirt":18,"minecraft:arrow":2,"minecraft:wheat_seeds":1,"minecraft:granite":31,"tombstone:magic_scroll":1,"minecraft:coal":47,"minecraft:cobblestone":120},"minecraft:killed":{"minecraft:skeleton":1}},"DataVersion":3120}