{"stats":{"minecraft:mined":{"minecraft:crafting_table":3,"minecraft:granite":26,"minecraft:grass":26,"minecraft:grass_block":6,"minecraft:oak_log":12,"minecraft:coal_ore":30,"minecraft:gravel":7,"minecraft:dirt":12,"minecraft:stone":113,"minecraft:oak_leaves":2,"minecraft:fern":6},"minecraft:custom":{"minecraft:time_since_rest":22116,"minecraft:sprint_one_cm":11628,"minecraft:damage_taken":75,"minecraft:walk_one_cm":27183,"minecraft:drop":15,"minecraft:swim_one_cm":5296,"minecraft:interact_with_crafting_table":9,"minecraft:fly_one_cm":7560,"minecraft:open_chest":1,"minecraft:play_time":22116,"minecraft:walk_under_water_one_cm":102,"minecraft:jump":81,"minecraft:leave_game":1,"minecraft:time_since_death":22116,"minecraft:walk_on_water_one_cm":7087,"minecraft:climb_one_cm":748,"minecraft:total_world_time":22116,"minecraft:fall_one_cm":836},"minecraft:broken":{"minecraft:stone_pickaxe":1},"minecraft:crafted":{"minecraft:wooden_sword":1,"minecraft:oak_planks":48,"minecraft:wooden_shovel":1,"minecraft:stone_shovel":1,"minecraft:crafting_table":2,"minecraft:stick":32,"minecraft:wooden_pickaxe":1,"minecraft:stone_pickaxe":2,"minecraft:wooden_axe":1,"minecraft:stone_sword":1,"minecraft:chest":1,"minecraft:torch":20,"minecraft:stone_axe":1},"minecraft:dropped":{"minecraft:gravel":1,"minecraft:wheat_seeds":1,"minecraft:coal":13},"minecraft:used":{"minecraft:wooden_axe":2,"minecraft:stone_shovel":4,"minecraft:stone_pickaxe":160,"minecraft:chest":1,"minecraft:wooden_pickaxe":16,"minecraft:wooden_shovel":16,"minecraft:gravel":2,"minecraft:stone_axe":4,"minecraft:torch":6,"minecraft:crafting_table":4},"minecraft:picked_up":{"minecraft:crafting_table":3,"minecraft:gravel":8,"minecraft:oak_log":12,"minecraft:dirt":18,"minecraft:wheat_seeds":1,"minecraft:granite":26,"minecraft:coal":43,"minecraft:cobblestone":113}},"DataVersion":3120}