{"stats":{"minecraft:picked_up":{"minecraft:oak_log":4},"minecraft:custom":{"minecraft:jump":38,"minecraft:time_since_rest":5125,"minecraft:walk_on_water_one_cm":7087,"minecraft:sprint_one_cm":6692,"minecraft:play_time":5125,"minecraft:damage_taken":65,"minecraft:time_since_death":5125,"minecraft:walk_one_cm":3985,"minecraft:climb_one_cm":748,"minecraft:total_world_time":5125,"minecraft:walk_under_water_one_cm":102,"minecraft:swim_one_cm":5296,"minecraft:fall_one_cm":627,"minecraft:fly_one_cm":4770},"minecraft:mined":{"minecraft:grass":5,"minecraft:oak_log":4,"minecraft:oak_leaves":2,"minecraft:fern":2}},"DataVersion":3120}