{"stats":{"minecraft:dropped":{"byg:biomepedia":1,"minecraft:diamond_sword":1,"minecraft:jungle_leaves":2,"minecraft:arrow":4,"minecraft:oak_log":2,"minecraft:skeleton_spawn_egg":2,"minecraft:coal":13,"minecraft:bone":1},"minecraft:killed":{"minecraft:skeleton":1,"born_in_chaos_v1:decrepit_skeleton":1},"minecraft:used":{"minecraft:wooden_sword":8,"minecraft:skeleton_spawn_egg":2,"minecraft:polished_granite":1,"minecraft:stone":1,"minecraft:granite":1,"minecraft:diamond_sword":4,"minecraft:jungle_leaves":5,"minecraft:diorite":2},"minecraft:picked_up":{"minecraft:jungle_leaves":2,"minecraft:skeleton_spawn_egg":2,"byg:biomepedia":1,"minecraft:arrow":6,"minecraft:bone":4,"minecraft:rotten_flesh":2,"minecraft:diamond_sword":1,"minecraft:oak_log":2,"minecraft:coal":13},"minecraft:custom":{"minecraft:play_time":68426,"minecraft:time_since_rest":68426,"minecraft:crouch_one_cm":87,"minecraft:sprint_one_cm":3989,"minecraft:walk_one_cm":12518,"tombstone:undead_killed":2,"minecraft:sneak_time":123,"minecraft:walk_under_water_one_cm":1270,"minecraft:mob_kills":3,"minecraft:drop":13,"minecraft:jump":40,"minecraft:damage_dealt":659,"minecraft:leave_game":3,"minecraft:time_since_death":68426,"minecraft:walk_on_water_one_cm":926,"minecraft:total_world_time":68426,"minecraft:climb_one_cm":454,"minecraft:fly_one_cm":54740}},"DataVersion":3120}