{"stats":{"minecraft:dropped":{"byg:biomepedia":1,"minecraft:diamond_sword":1,"minecraft:jungle_leaves":2,"minecraft:arrow":4,"minecraft:skeleton_spawn_egg":2,"minecraft:bone":1},"minecraft:killed":{"minecraft:skeleton":1},"minecraft:used":{"minecraft:jungle_leaves":1,"minecraft:diamond_sword":4,"minecraft:skeleton_spawn_egg":2},"minecraft:picked_up":{"minecraft:jungle_leaves":2,"byg:biomepedia":1,"minecraft:arrow":6,"minecraft:skeleton_spawn_egg":2,"minecraft:bone":2,"minecraft:diamond_sword":1},"minecraft:custom":{"minecraft:sprint_one_cm":632,"minecraft:time_since_rest":10276,"minecraft:play_time":10276,"minecraft:walk_one_cm":7254,"tombstone:undead_killed":1,"minecraft:sneak_time":2,"minecraft:mob_kills":2,"minecraft:drop":11,"minecraft:jump":22,"minecraft:damage_dealt":327,"minecraft:leave_game":1,"minecraft:time_since_death":10276,"minecraft:total_world_time":10276,"minecraft:climb_one_cm":454,"minecraft:fly_one_cm":3309}},"DataVersion":3120}