{"stats":{"minecraft:dropped":{"byg:biomepedia":1,"minecraft:diamond_sword":1,"minecraft:jungle_leaves":2,"minecraft:arrow":4,"minecraft:skeleton_spawn_egg":2,"minecraft:bone":1},"minecraft:killed":{"minecraft:skeleton":1,"born_in_chaos_v1:decrepit_skeleton":1},"minecraft:used":{"minecraft:diamond_sword":4,"minecraft:wooden_sword":8,"minecraft:skeleton_spawn_egg":2,"minecraft:polished_granite":1,"minecraft:stone":1,"minecraft:granite":1,"minecraft:diorite":2,"minecraft:jungle_leaves":5},"minecraft:picked_up":{"minecraft:jungle_leaves":2,"minecraft:skeleton_spawn_egg":2,"byg:biomepedia":1,"minecraft:arrow":6,"minecraft:bone":4,"minecraft:diamond_sword":1,"minecraft:rotten_flesh":2},"minecraft:custom":{"minecraft:crouch_one_cm":87,"minecraft:time_since_rest":55023,"minecraft:play_time":55023,"minecraft:sprint_one_cm":726,"tombstone:undead_killed":2,"minecraft:walk_one_cm":10858,"minecraft:sneak_time":123,"minecraft:walk_under_water_one_cm":1270,"minecraft:mob_kills":3,"minecraft:drop":11,"minecraft:jump":32,"minecraft:damage_dealt":659,"minecraft:leave_game":2,"minecraft:walk_on_water_one_cm":926,"minecraft:time_since_death":55023,"minecraft:climb_one_cm":454,"minecraft:total_world_time":55023,"minecraft:fly_one_cm":52394}},"DataVersion":3120}