{"stats":{"minecraft:dropped":{"byg:biomepedia":1,"minecraft:diamond_sword":1,"minecraft:jungle_leaves":2,"minecraft:arrow":4,"minecraft:skeleton_spawn_egg":2,"minecraft:bone":1},"minecraft:killed":{"minecraft:skeleton":1},"minecraft:used":{"minecraft:diamond_sword":4,"minecraft:skeleton_spawn_egg":2,"minecraft:jungle_leaves":4},"minecraft:picked_up":{"minecraft:jungle_leaves":2,"minecraft:skeleton_spawn_egg":2,"byg:biomepedia":1,"minecraft:arrow":6,"minecraft:bone":2,"minecraft:diamond_sword":1},"minecraft:custom":{"minecraft:crouch_one_cm":73,"minecraft:time_since_rest":43023,"minecraft:play_time":43023,"minecraft:sprint_one_cm":632,"tombstone:undead_killed":1,"minecraft:walk_one_cm":8856,"minecraft:sneak_time":78,"minecraft:mob_kills":2,"minecraft:drop":11,"minecraft:jump":29,"minecraft:damage_dealt":327,"minecraft:leave_game":2,"minecraft:time_since_death":43023,"minecraft:climb_one_cm":454,"minecraft:total_world_time":43023,"minecraft:fly_one_cm":28882}},"DataVersion":3120}