{"stats":{"minecraft:mined":{"minecraft:granite":3,"minecraft:grass_block":3,"minecraft:melon":4,"minecraft:jungle_log":9,"minecraft:cobblestone":2,"minecraft:diorite":5,"farmersdelight:wild_beetroots":12,"minecraft:furnace":1,"minecraft:iron_ore":29,"minecraft:vine":3,"minecraft:coal_ore":50,"minecraft:dirt":7,"minecraft:stone":44,"minecraft:fern":1},"minecraft:custom":{"minecraft:interact_with_furnace":18,"minecraft:mob_kills":15,"minecraft:interact_with_crafting_table":10,"minecraft:leave_game":11,"minecraft:time_since_death":0,"minecraft:climb_one_cm":553,"minecraft:time_since_rest":428,"minecraft:sprint_one_cm":76614,"minecraft:damage_taken":669,"minecraft:walk_one_cm":79774,"minecraft:damage_blocked_by_shield":265,"minecraft:drop":14,"minecraft:damage_dealt":2814,"minecraft:fly_one_cm":195588,"minecraft:open_chest":5,"minecraft:crouch_one_cm":1112,"minecraft:play_time":119001,"tombstone:undead_killed":4,"minecraft:deaths":3,"minecraft:sneak_time":716,"minecraft:walk_under_water_one_cm":1752,"minecraft:jump":848,"minecraft:walk_on_water_one_cm":9590,"minecraft:total_world_time":119001,"minecraft:fall_one_cm":14705},"minecraft:killed_by":{"minecraft:zombie":1,"cave_dweller:cave_dweller":2},"minecraft:crafted":{"minecraft:crafting_table":1,"minecraft:iron_helmet":1,"minecraft:furnace":1,"minecraft:stone_axe":1,"minecraft:air":0,"minecraft:jungle_planks":36,"minecraft:iron_chestplate":1,"minecraft:shield":1,"minecraft:stick":12,"minecraft:iron_ingot":20,"minecraft:iron_pickaxe":1,"minecraft:stone_pickaxe":1,"minecraft:torch":16},"minecraft:dropped":{"byg:biomepedia":1,"minecraft:oak_log":2,"minecraft:skeleton_spawn_egg":2,"minecraft:coal":13,"minecraft:diamond_sword":1,"tombstone:grave_key":1,"minecraft:jungle_leaves":2,"minecraft:arrow":4,"minecraft:bone":1},"minecraft:picked_up":{"minecraft:cocoa_beans":9,"minecraft:jungle_log":9,"minecraft:diamond_sword":1,"minecraft:oak_log":2,"tombstone:grave_key":1,"minecraft:gunpowder":2,"minecraft:string":1,"minecraft:dirt":27,"minecraft:bone":7,"minecraft:beetroot":4,"minecraft:melon_slice":18,"minecraft:furnace":1,"minecraft:raw_iron":28,"minecraft:torch":1,"born_in_chaos_v1:ethereal_spirit":1,"minecraft:porkchop":1,"minecraft:diorite":5,"minecraft:jungle_leaves":2,"minecraft:rotten_flesh":10,"byg:biomepedia":1,"minecraft:skeleton_spawn_egg":2,"minecraft:arrow":6,"minecraft:beetroot_seeds":11,"minecraft:granite":7,"minecraft:mutton":5,"minecraft:coal":63,"minecraft:white_wool":3,"minecraft:cobblestone":47},"minecraft:used":{"minecraft:beetroot":3,"minecraft:jungle_leaves":5,"minecraft:diorite":2,"minecraft:stone_pickaxe":101,"minecraft:shield":9,"minecraft:wooden_pickaxe":34,"minecraft:stone":1,"minecraft:iron_chestplate":1,"minecraft:torch":17,"minecraft:dirt":17,"minecraft:skeleton_spawn_egg":2,"minecraft:crafting_table":1,"minecraft:golden_shovel":9,"minecraft:granite":3,"minecraft:wooden_axe":19,"minecraft:melon_slice":2,"minecraft:iron_helmet":1,"minecraft:polished_granite":1,"minecraft:stone_axe":5,"minecraft:diamond_sword":4,"minecraft:wooden_sword":39,"minecraft:cobblestone":45,"minecraft:furnace":1,"tombstone:gift":2},"minecraft:killed":{"minecraft:pig":1,"born_in_chaos_v1:restless_spirit":1,"minecraft:spider":1,"minecraft:creeper":3,"born_in_chaos_v1:decrepit_skeleton":2,"minecraft:sheep":3,"minecraft:skeleton":1,"minecraft:zombie":1,"alexsmobs:capuchin_monkey":1}},"DataVersion":3120}