{"stats":{"minecraft:mined":{"minecraft:granite":3,"minecraft:grass_block":3,"minecraft:jungle_log":9,"minecraft:cobblestone":1,"minecraft:iron_ore":23,"minecraft:vine":3,"minecraft:coal_ore":50,"minecraft:dirt":5,"minecraft:stone":23},"minecraft:custom":{"minecraft:interact_with_furnace":16,"minecraft:mob_kills":8,"minecraft:interact_with_crafting_table":9,"minecraft:leave_game":10,"minecraft:time_since_death":4146,"minecraft:climb_one_cm":553,"minecraft:time_since_rest":1747,"minecraft:sprint_one_cm":44194,"minecraft:damage_taken":224,"minecraft:walk_one_cm":55023,"minecraft:drop":14,"minecraft:damage_dealt":1329,"minecraft:fly_one_cm":124077,"minecraft:open_chest":4,"minecraft:crouch_one_cm":1075,"minecraft:play_time":105517,"tombstone:undead_killed":2,"minecraft:deaths":1,"minecraft:sneak_time":692,"minecraft:walk_under_water_one_cm":1752,"minecraft:jump":407,"minecraft:walk_on_water_one_cm":4790,"minecraft:total_world_time":105517,"minecraft:fall_one_cm":4669},"minecraft:killed_by":{"cave_dweller:cave_dweller":1},"minecraft:crafted":{"minecraft:crafting_table":1,"minecraft:iron_helmet":1,"minecraft:furnace":1,"minecraft:stone_axe":1,"minecraft:air":0,"minecraft:jungle_planks":36,"minecraft:iron_chestplate":1,"minecraft:shield":1,"minecraft:stick":12,"minecraft:iron_ingot":20,"minecraft:iron_pickaxe":1,"minecraft:stone_pickaxe":1,"minecraft:torch":16},"minecraft:dropped":{"byg:biomepedia":1,"minecraft:oak_log":2,"minecraft:skeleton_spawn_egg":2,"minecraft:coal":13,"minecraft:diamond_sword":1,"tombstone:grave_key":1,"minecraft:jungle_leaves":2,"minecraft:arrow":4,"minecraft:bone":1},"minecraft:used":{"minecraft:jungle_leaves":5,"minecraft:diorite":2,"minecraft:stone_pickaxe":87,"minecraft:wooden_pickaxe":13,"minecraft:stone":1,"minecraft:iron_chestplate":1,"minecraft:torch":17,"minecraft:skeleton_spawn_egg":2,"minecraft:crafting_table":1,"minecraft:golden_shovel":8,"minecraft:granite":3,"minecraft:wooden_axe":19,"minecraft:iron_helmet":1,"minecraft:polished_granite":1,"minecraft:diamond_sword":4,"minecraft:wooden_sword":8,"minecraft:cobblestone":6,"minecraft:furnace":1},"minecraft:picked_up":{"minecraft:cocoa_beans":9,"minecraft:jungle_log":9,"minecraft:diamond_sword":1,"minecraft:oak_log":2,"tombstone:grave_key":1,"minecraft:dirt":8,"minecraft:bone":4,"minecraft:raw_iron":22,"minecraft:torch":1,"minecraft:jungle_leaves":2,"minecraft:rotten_flesh":2,"byg:biomepedia":1,"minecraft:skeleton_spawn_egg":2,"minecraft:arrow":6,"minecraft:granite":3,"minecraft:mutton":3,"minecraft:coal":63,"minecraft:white_wool":2,"minecraft:cobblestone":24},"minecraft:killed":{"minecraft:creeper":2,"born_in_chaos_v1:decrepit_skeleton":1,"minecraft:sheep":2,"minecraft:skeleton":1,"alexsmobs:capuchin_monkey":1}},"DataVersion":3120}