{"stats":{"minecraft:mined":{"minecraft:iron_ore":22,"minecraft:coal_ore":16,"minecraft:granite":2,"minecraft:vine":3,"minecraft:jungle_log":9,"minecraft:cobblestone":1,"minecraft:stone":6},"minecraft:custom":{"minecraft:time_since_rest":93705,"minecraft:interact_with_furnace":2,"minecraft:sprint_one_cm":15801,"minecraft:walk_one_cm":37296,"minecraft:mob_kills":8,"minecraft:drop":13,"minecraft:damage_dealt":1319,"minecraft:interact_with_crafting_table":5,"minecraft:fly_one_cm":68856,"minecraft:open_chest":2,"minecraft:crouch_one_cm":935,"minecraft:play_time":93705,"tombstone:undead_killed":2,"minecraft:sneak_time":594,"minecraft:walk_under_water_one_cm":1270,"minecraft:jump":163,"minecraft:leave_game":9,"minecraft:time_since_death":93705,"minecraft:walk_on_water_one_cm":926,"minecraft:climb_one_cm":454,"minecraft:total_world_time":93705,"minecraft:fall_one_cm":894},"minecraft:crafted":{"minecraft:crafting_table":1,"minecraft:stick":8,"minecraft:stone_pickaxe":1,"minecraft:furnace":1,"minecraft:torch":4,"minecraft:stone_axe":1,"minecraft:jungle_planks":36},"minecraft:dropped":{"byg:biomepedia":1,"minecraft:diamond_sword":1,"minecraft:oak_log":2,"minecraft:jungle_leaves":2,"minecraft:arrow":4,"minecraft:skeleton_spawn_egg":2,"minecraft:coal":13,"minecraft:bone":1},"minecraft:used":{"minecraft:wooden_axe":19,"minecraft:jungle_leaves":5,"minecraft:diorite":2,"minecraft:stone_pickaxe":47,"minecraft:polished_granite":1,"minecraft:stone":1,"minecraft:torch":5,"minecraft:diamond_sword":4,"minecraft:wooden_sword":8,"minecraft:cobblestone":2,"minecraft:skeleton_spawn_egg":2,"minecraft:crafting_table":1,"minecraft:furnace":1,"minecraft:granite":3},"minecraft:picked_up":{"minecraft:cocoa_beans":9,"minecraft:raw_iron":21,"minecraft:jungle_log":9,"minecraft:torch":1,"minecraft:diamond_sword":1,"minecraft:oak_log":2,"minecraft:jungle_leaves":2,"minecraft:skeleton_spawn_egg":2,"byg:biomepedia":1,"minecraft:bone":4,"minecraft:arrow":6,"minecraft:rotten_flesh":2,"minecraft:granite":2,"minecraft:white_wool":2,"minecraft:mutton":3,"minecraft:coal":29,"minecraft:cobblestone":7},"minecraft:killed":{"minecraft:sheep":2,"minecraft:skeleton":1,"alexsmobs:capuchin_monkey":1,"minecraft:creeper":2,"born_in_chaos_v1:decrepit_skeleton":1}},"DataVersion":3120}