{"stats":{"minecraft:dropped":{"byg:biomepedia":1,"minecraft:diamond_sword":1,"minecraft:jungle_leaves":2,"minecraft:arrow":4,"minecraft:skeleton_spawn_egg":2,"minecraft:bone":1},"minecraft:killed":{"minecraft:skeleton":1},"minecraft:used":{"minecraft:diamond_sword":4,"minecraft:skeleton_spawn_egg":2,"minecraft:jungle_leaves":4},"minecraft:picked_up":{"minecraft:jungle_leaves":2,"minecraft:skeleton_spawn_egg":2,"byg:biomepedia":1,"minecraft:arrow":6,"minecraft:bone":2,"minecraft:diamond_sword":1},"minecraft:custom":{"minecraft:crouch_one_cm":73,"minecraft:time_since_rest":31023,"minecraft:play_time":31023,"minecraft:sprint_one_cm":632,"tombstone:undead_killed":1,"minecraft:walk_one_cm":8011,"minecraft:sneak_time":60,"minecraft:mob_kills":2,"minecraft:drop":11,"minecraft:jump":27,"minecraft:damage_dealt":327,"minecraft:leave_game":2,"minecraft:time_since_death":31023,"minecraft:climb_one_cm":454,"minecraft:total_world_time":31023,"minecraft:fly_one_cm":28719}},"DataVersion":3120}