{"stats":{"minecraft:dropped":{"byg:biomepedia":1,"minecraft:diamond_sword":1,"minecraft:jungle_leaves":2,"minecraft:arrow":4,"minecraft:skeleton_spawn_egg":2,"minecraft:bone":1},"minecraft:killed":{"minecraft:skeleton":1},"minecraft:used":{"minecraft:jungle_leaves":1,"minecraft:diamond_sword":4,"minecraft:skeleton_spawn_egg":2},"minecraft:picked_up":{"minecraft:jungle_leaves":2,"byg:biomepedia":1,"minecraft:arrow":6,"minecraft:skeleton_spawn_egg":2,"minecraft:bone":2,"minecraft:diamond_sword":1},"minecraft:custom":{"minecraft:sprint_one_cm":308,"minecraft:time_since_rest":5282,"minecraft:play_time":5282,"minecraft:walk_one_cm":3067,"tombstone:undead_killed":1,"minecraft:mob_kills":2,"minecraft:drop":11,"minecraft:jump":20,"minecraft:damage_dealt":327,"minecraft:time_since_death":5282,"minecraft:total_world_time":5282,"minecraft:climb_one_cm":454,"minecraft:fly_one_cm":750}},"DataVersion":3120}