{"stat.pickup.minecraft.diamond_leggings":1,"stat.flyOneCm":31042,"stat.deaths":3,"stat.pickup.minecraft.diamond_sword":1,"stat.walkOneCm":3473,"stat.jump":4,"stat.killEntity.Shulker":4,"stat.playOneMinute":3603,"stat.pickup.minecraft.redstone_torch":1,"stat.pickup.minecraft.tnt":1,"stat.leaveGame":1,"stat.pickup.minecraft.diamond_helmet":1,"stat.sneakTime":19,"stat.damageTaken":720,"stat.damageDealt":40,"stat.pickup.minecraft.nether_star":1,"stat.crouchOneCm":47,"stat.timeSinceDeath":2828,"stat.mobKills":4,"stat.sprintOneCm":477,"stat.pickup.minecraft.diamond_chestplate":1,"stat.useItem.minecraft.stone_slab2":3,"stat.pickup.minecraft.shulker_shell":1}