{"stats":{"minecraft:picked_up":{"minecraft:stick":2,"minecraft:oak_log":6,"minecraft:oak_sapling":1},"minecraft:mined":{"minecraft:short_grass":1,"minecraft:oak_log":6,"minecraft:oak_leaves":4},"minecraft:custom":{"minecraft:jump":189,"minecraft:time_since_rest":3561,"minecraft:leave_game":1,"minecraft:crouch_one_cm":599,"minecraft:sprint_one_cm":20349,"minecraft:play_time":3561,"minecraft:time_since_death":3561,"minecraft:walk_one_cm":4171,"minecraft:sneak_time":176,"minecraft:total_world_time":3561,"minecraft:fall_one_cm":6446,"minecraft:fly_one_cm":60443}},"DataVersion":3953}