{"stats":{"minecraft:killed":{"minecraft:sheep":2,"minecraft:pig":2,"minecraft:cow":4},"minecraft:mined":{"minecraft:furnace":2,"minecraft:iron_ore":6,"minecraft:crafting_table":2,"minecraft:short_grass":2,"minecraft:grass_block":4,"minecraft:coal_ore":12,"minecraft:oak_log":8,"minecraft:stone":31,"minecraft:oak_leaves":5},"minecraft:custom":{"minecraft:time_since_rest":11072,"minecraft:interact_with_furnace":11,"minecraft:sprint_one_cm":21373,"minecraft:damage_taken":90,"minecraft:walk_one_cm":24341,"minecraft:mob_kills":8,"minecraft:damage_dealt":760,"minecraft:swim_one_cm":4101,"minecraft:interact_with_crafting_table":7,"minecraft:fly_one_cm":56087,"minecraft:crouch_one_cm":6094,"minecraft:play_time":11072,"minecraft:sneak_time":1864,"minecraft:walk_under_water_one_cm":229,"minecraft:jump":299,"minecraft:leave_game":2,"minecraft:walk_on_water_one_cm":898,"minecraft:time_since_death":11072,"minecraft:total_world_time":11072,"minecraft:fall_one_cm":8799},"minecraft:crafted":{"minecraft:cooked_beef":7,"minecraft:oak_planks":32,"minecraft:cooked_porkchop":3,"minecraft:shield":1,"minecraft:crafting_table":1,"minecraft:stick":8,"minecraft:iron_pickaxe":1,"minecraft:iron_ingot":5,"minecraft:wooden_pickaxe":1,"minecraft:stone_pickaxe":1,"minecraft:furnace":1,"minecraft:stone_axe":1,"minecraft:air":0},"minecraft:picked_up":{"minecraft:crafting_table":2,"minecraft:stick":2,"minecraft:raw_iron":6,"minecraft:leather":1,"minecraft:porkchop":3,"minecraft:oak_log":8,"minecraft:dirt":4,"minecraft:beef":7,"minecraft:iron_ingot":1,"minecraft:mutton":4,"minecraft:oak_planks":5,"minecraft:coal":21,"minecraft:white_wool":2,"minecraft:cobblestone":31,"minecraft:furnace":2},"minecraft:used":{"minecraft:stone_pickaxe":50,"minecraft:wooden_pickaxe":3,"minecraft:stone_axe":22,"minecraft:dirt":1,"minecraft:cobblestone":6,"minecraft:crafting_table":2,"minecraft:furnace":2,"minecraft:cooked_beef":1}},"DataVersion":3953}