{"stats":{"minecraft:killed":{"minecraft:sheep":2,"minecraft:pig":2,"minecraft:cow":8},"minecraft:mined":{"minecraft:furnace":2,"minecraft:iron_ore":6,"minecraft:crafting_table":2,"minecraft:short_grass":2,"minecraft:grass_block":4,"minecraft:coal_ore":17,"minecraft:oak_log":8,"minecraft:stone":37,"minecraft:oak_leaves":5},"minecraft:custom":{"minecraft:time_since_rest":13723,"minecraft:interact_with_furnace":11,"minecraft:sprint_one_cm":29202,"minecraft:damage_taken":100,"minecraft:walk_one_cm":31134,"minecraft:mob_kills":12,"minecraft:damage_dealt":1160,"minecraft:swim_one_cm":6816,"minecraft:interact_with_crafting_table":7,"minecraft:fly_one_cm":61327,"minecraft:crouch_one_cm":6879,"minecraft:play_time":13723,"minecraft:sneak_time":2073,"minecraft:walk_under_water_one_cm":459,"minecraft:jump":343,"minecraft:leave_game":3,"minecraft:walk_on_water_one_cm":3790,"minecraft:time_since_death":13723,"minecraft:total_world_time":13723,"minecraft:fall_one_cm":9552},"minecraft:crafted":{"minecraft:cooked_beef":7,"minecraft:oak_planks":32,"minecraft:cooked_porkchop":3,"minecraft:shield":1,"minecraft:crafting_table":1,"minecraft:stick":8,"minecraft:iron_pickaxe":1,"minecraft:iron_ingot":5,"minecraft:wooden_pickaxe":1,"minecraft:stone_pickaxe":1,"minecraft:furnace":1,"minecraft:torch":8,"minecraft:stone_axe":1,"minecraft:air":0},"minecraft:picked_up":{"minecraft:crafting_table":2,"minecraft:stick":2,"minecraft:raw_iron":6,"minecraft:leather":6,"minecraft:porkchop":3,"minecraft:oak_log":8,"minecraft:dirt":4,"minecraft:beef":15,"minecraft:iron_ingot":1,"minecraft:mutton":4,"minecraft:oak_planks":5,"minecraft:coal":26,"minecraft:white_wool":2,"minecraft:cobblestone":37,"minecraft:furnace":2},"minecraft:used":{"minecraft:stone_pickaxe":61,"minecraft:wooden_pickaxe":3,"minecraft:torch":3,"minecraft:stone_axe":26,"minecraft:dirt":1,"minecraft:cobblestone":8,"minecraft:crafting_table":2,"minecraft:furnace":2,"minecraft:cooked_porkchop":1,"minecraft:cooked_beef":1}},"DataVersion":3953}