{
  "minecraft:adventure/root": {
    "criteria": {
      "killed_something": "2023-11-29 20:58:09 +0100"
    },
    "done": true
  },
  "minecraft:recipes/decorations/chest": {
    "criteria": {
      "has_lots_of_items": "2023-11-29 20:58:12 +0100"
    },
    "done": true
  },
  "minecraft:story/shiny_gear": {
    "criteria": {
      "diamond_leggings": "2023-11-29 20:58:12 +0100"
    },
    "done": true
  },
  "minecraft:recipes/redstone/repeater": {
    "criteria": {
      "has_redstone_torch": "2023-11-29 20:58:15 +0100"
    },
    "done": true
  },
  "minecraft:adventure/kill_a_mob": {
    "criteria": {
      "shulker": "2023-11-29 20:58:09 +0100"
    },
    "done": true
  },
  "minecraft:recipes/decorations/purple_shulker_box": {
    "criteria": {
      "has_shulker_shell": "2023-11-29 20:58:15 +0100"
    },
    "done": true
  },
  "minecraft:recipes/misc/beacon": {
    "criteria": {
      "has_nether_star": "2023-11-29 20:58:26 +0100"
    },
    "done": true
  },
  "minecraft:adventure/kill_all_mobs": {
    "criteria": {
      "shulker": "2023-11-29 20:58:09 +0100"
    },
    "done": false
  },
  "minecraft:recipes/food/cake": {
    "criteria": {
      "has_egg": "2023-11-29 21:02:53 +0100"
    },
    "done": true
  },
  "minecraft:recipes/redstone/trapped_chest": {
    "criteria": {
      "has_tripwire_hook": "2023-11-29 21:02:53 +0100"
    },
    "done": true
  },
  "minecraft:adventure/adventuring_time": {
    "criteria": {
      "plains": "2023-11-29 20:46:50 +0100"
    },
    "done": false
  }
}