{
  "minecraft:recipes/food/cooked_mutton_from_campfire_cooking": {
    "criteria": {
      "has_mutton": "2024-07-06 04:48:24 +0000"
    },
    "done": true
  },
  "minecraft:recipes/decorations/smoker": {
    "criteria": {
      "has_furnace": "2024-07-06 04:54:55 +0000"
    },
    "done": true
  },
  "minecraft:recipes/building_blocks/purple_wool": {
    "criteria": {
      "has_white_wool": "2024-07-06 04:48:23 +0000"
    },
    "done": true
  },
  "minecraft:recipes/redstone/lever": {
    "criteria": {
      "has_cobblestone": "2024-07-06 04:47:25 +0000"
    },
    "done": true
  },
  "minecraft:recipes/building_blocks/cobblestone_stairs_from_cobblestone_stonecutting": {
    "criteria": {
      "has_cobblestone": "2024-07-06 04:47:25 +0000"
    },
    "done": true
  },
  "farmersdelight:recipes/farmersdelight/organic_compost_from_rotten_flesh": {
    "criteria": {
      "has_rotten_flesh": "2024-07-06 03:55:34 +0000"
    },
    "done": true
  },
  "travelersbackpack:recipes/travelersbackpack/white_sleeping_bag": {
    "criteria": {
      "has_white_wool": "2024-07-06 04:48:23 +0000"
    },
    "done": true
  },
  "minecraft:recipes/combat/iron_sword": {
    "criteria": {
      "has_iron_ingot": "2024-07-06 04:55:07 +0000"
    },
    "done": true
  },
  "minecraft:recipes/building_blocks/stone_bricks": {
    "criteria": {
      "has_stone": "2024-07-06 03:49:11 +0000"
    },
    "done": true
  },
  "minecraft:recipes/decorations/white_bed": {
    "criteria": {
      "has_white_wool": "2024-07-06 04:48:23 +0000"
    },
    "done": true
  },
  "minecraft:recipes/tools/iron_pickaxe": {
    "criteria": {
      "has_iron_ingot": "2024-07-06 04:55:07 +0000"
    },
    "done": true
  },
  "minecraft:recipes/decorations/campfire": {
    "criteria": {
      "has_coal": "2024-07-06 04:02:46 +0000"
    },
    "done": true
  },
  "minecraft:recipes/building_blocks/magenta_wool": {
    "criteria": {
      "has_white_wool": "2024-07-06 04:48:23 +0000"
    },
    "done": true
  },
  "minecraft:recipes/decorations/crafting_table": {
    "criteria": {
      "has_planks": "2024-07-06 04:49:05 +0000"
    },
    "done": true
  },
  "minecraft:recipes/building_blocks/polished_granite_stairs": {
    "criteria": {
      "has_polished_granite": "2024-07-06 03:49:12 +0000"
    },
    "done": true
  },
  "minecraft:recipes/building_blocks/diorite_slab_from_diorite_stonecutting": {
    "criteria": {
      "has_diorite": "2024-07-06 03:49:12 +0000"
    },
    "done": true
  },
  "minecraft:recipes/building_blocks/smooth_stone": {
    "criteria": {
      "has_stone": "2024-07-06 03:49:11 +0000"
    },
    "done": true
  },
  "minecraft:recipes/decorations/ladder": {
    "criteria": {
      "has_stick": "2024-07-06 04:49:08 +0000"
    },
    "done": true
  },
  "minecraft:recipes/misc/iron_nugget": {
    "criteria": {
      "has_iron_ingot": "2024-07-06 04:55:07 +0000"
    },
    "done": true
  },
  "minecraft:recipes/decorations/chest": {
    "criteria": {
      "has_lots_of_items": "2024-07-06 04:49:10 +0000"
    },
    "done": true
  },
  "minecraft:recipes/building_blocks/stone_slab_from_stone_stonecutting": {
    "criteria": {
      "has_stone": "2024-07-06 03:49:11 +0000"
    },
    "done": true
  },
  "minecraft:recipes/building_blocks/chiseled_stone_bricks_stone_from_stonecutting": {
    "criteria": {
      "has_stone": "2024-07-06 03:49:11 +0000"
    },
    "done": true
  },
  "minecraft:recipes/transportation/mangrove_boat": {
    "criteria": {
      "in_water": "2024-07-06 03:55:01 +0000"
    },
    "done": true
  },
  "travelersbackpack:recipes/travelersbackpack/wolf": {
    "criteria": {
      "has_bone": "2024-07-06 02:55:43 +0000"
    },
    "done": true
  },
  "minecraft:recipes/tools/wooden_shovel": {
    "criteria": {
      "has_stick": "2024-07-06 04:49:08 +0000"
    },
    "done": true
  },
  "cfm:recipes/cfm/stripped_jungle_desk_cabinet": {
    "criteria": {
      "has_planks": "2024-07-06 04:47:43 +0000"
    },
    "done": true
  },
  "minecraft:recipes/decorations/torch": {
    "criteria": {
      "has_stone_pickaxe": "2024-07-06 04:49:11 +0000"
    },
    "done": true
  },
  "cfm:recipes/cfm/stripped_oak_chair": {
    "criteria": {
      "has_planks": "2024-07-06 04:03:10 +0000"
    },
    "done": true
  },
  "minecraft:recipes/building_blocks/cyan_wool": {
    "criteria": {
      "has_white_wool": "2024-07-06 04:48:23 +0000"
    },
    "done": true
  },
  "cfm:recipes/cfm/oak_crate": {
    "criteria": {
      "has_log": "2024-07-06 04:03:10 +0000"
    },
    "done": true
  },
  "cfm:recipes/cfm/trampoline": {
    "criteria": {
      "has_iron": "2024-07-06 04:55:07 +0000"
    },
    "done": true
  },
  "minecraft:recipes/tools/shears": {
    "criteria": {
      "has_iron_ingot": "2024-07-06 04:55:07 +0000"
    },
    "done": true
  },
  "minecraft:recipes/misc/stick": {
    "criteria": {
      "has_planks": "2024-07-06 04:49:05 +0000"
    },
    "done": true
  },
  "cgm:recipes/cgm/specialised_grip": {
    "criteria": {
      "has_iron_ingot": "2024-07-06 05:03:43 +0000"
    },
    "done": true
  },
  "cfm:recipes/cfm/rock_path": {
    "criteria": {
      "has_stone": "2024-07-06 03:49:11 +0000"
    },
    "done": true
  },
  "minecraft:recipes/building_blocks/stone_brick_slab_from_stone_stonecutting": {
    "criteria": {
      "has_stone": "2024-07-06 03:49:11 +0000"
    },
    "done": true
  },
  "minecraft:recipes/transportation/spruce_boat": {
    "criteria": {
      "in_water": "2024-07-06 03:55:01 +0000"
    },
    "done": true
  },
  "cfm:recipes/cfm/brown_grill": {
    "criteria": {
      "has_iron": "2024-07-06 04:55:07 +0000"
    },
    "done": true
  },
  "cfm:recipes/cfm/green_grill": {
    "criteria": {
      "has_iron": "2024-07-06 04:55:07 +0000"
    },
    "done": true
  },
  "cfm:recipes/cfm/stripped_oak_table": {
    "criteria": {
      "has_planks": "2024-07-06 04:03:10 +0000"
    },
    "done": true
  },
  "cfm:recipes/cfm/stripped_jungle_crate": {
    "criteria": {
      "has_planks": "2024-07-06 04:47:43 +0000"
    },
    "done": true
  },
  "minecraft:recipes/tools/flint_and_steel": {
    "criteria": {
      "has_obsidian": "2024-07-06 05:03:44 +0000"
    },
    "done": true
  },
  "minecraft:recipes/building_blocks/gray_wool": {
    "criteria": {
      "has_white_wool": "2024-07-06 04:48:23 +0000"
    },
    "done": true
  },
  "minecraft:recipes/building_blocks/polished_granite_from_granite_stonecutting": {
    "criteria": {
      "has_granite": "2024-07-06 03:49:11 +0000"
    },
    "done": true
  },
  "cfm:recipes/cfm/oak_kitchen_counter": {
    "criteria": {
      "has_log": "2024-07-06 04:03:10 +0000"
    },
    "done": true
  },
  "tombstone:adventure/find_grave_dust": {
    "criteria": {
      "from_undead": "2024-07-06 03:55:36 +0000"
    },
    "done": true
  },
  "cfm:recipes/cfm/stripped_oak_kitchen_drawer": {
    "criteria": {
      "has_log": "2024-07-06 04:03:10 +0000"
    },
    "done": true
  },
  "cfm:recipes/cfm/jungle_coffee_table": {
    "criteria": {
      "has_log": "2024-07-06 04:47:43 +0000"
    },
    "done": true
  },
  "minecraft:recipes/combat/iron_leggings": {
    "criteria": {
      "has_iron_ingot": "2024-07-06 04:55:07 +0000"
    },
    "done": true
  },
  "minecraft:recipes/redstone/jungle_trapdoor": {
    "criteria": {
      "has_planks": "2024-07-06 04:49:05 +0000"
    },
    "done": true
  },
  "minecraft:recipes/tools/wooden_hoe": {
    "criteria": {
      "has_stick": "2024-07-06 04:49:08 +0000"
    },
    "done": true
  },
  "tombstone:recipes/from_grave_key": {
    "criteria": {
      "has_ingredient": "2024-07-06 05:01:39 +0000"
    },
    "done": true
  },
  "cfm:recipes/cfm/oak_blinds": {
    "criteria": {
      "has_log": "2024-07-06 04:03:10 +0000"
    },
    "done": true
  },
  "minecraft:recipes/combat/shield": {
    "criteria": {
      "has_iron_ingot": "2024-07-06 04:55:07 +0000"
    },
    "done": true
  },
  "minecraft:recipes/building_blocks/cobblestone_slab": {
    "criteria": {
      "has_cobblestone": "2024-07-06 04:47:25 +0000"
    },
    "done": true
  },
  "travelersbackpack:recipes/travelersbackpack/iron_tier_upgrade": {
    "criteria": {
      "has_iron_ingot": "2024-07-06 04:55:07 +0000"
    },
    "done": true
  },
  "minecraft:recipes/misc/bucket": {
    "criteria": {
      "has_iron_ingot": "2024-07-06 04:55:07 +0000"
    },
    "done": true
  },
  "minecraft:recipes/redstone/jungle_button": {
    "criteria": {
      "has_planks": "2024-07-06 04:49:05 +0000"
    },
    "done": true
  },
  "cfm:recipes/cfm/oak_bedside_cabinet": {
    "criteria": {
      "has_log": "2024-07-06 04:03:10 +0000"
    },
    "done": true
  },
  "minecraft:recipes/building_blocks/diorite_slab": {
    "criteria": {
      "has_diorite": "2024-07-06 03:49:12 +0000"
    },
    "done": true
  },
  "minecraft:recipes/building_blocks/cobblestone_stairs": {
    "criteria": {
      "has_cobblestone": "2024-07-06 04:47:25 +0000"
    },
    "done": true
  },
  "minecraft:recipes/redstone/hopper": {
    "criteria": {
      "has_iron_ingot": "2024-07-06 04:55:07 +0000"
    },
    "done": true
  },
  "cfm:recipes/cfm/stripped_jungle_desk": {
    "criteria": {
      "has_planks": "2024-07-06 04:47:43 +0000"
    },
    "done": true
  },
  "travelersbackpack:recipes/travelersbackpack/sheep": {
    "criteria": {
      "has_white_wool": "2024-07-06 04:48:23 +0000"
    },
    "done": true
  },
  "minecraft:recipes/decorations/granite_wall": {
    "criteria": {
      "has_granite": "2024-07-06 03:49:11 +0000"
    },
    "done": true
  },
  "cfm:recipes/cfm/orange_grill": {
    "criteria": {
      "has_iron": "2024-07-06 04:55:07 +0000"
    },
    "done": true
  },
  "tombstone:adventure/first_grave": {
    "criteria": {
      "coded_trigger": "2024-07-06 05:01:20 +0000"
    },
    "done": true
  },
  "minecraft:recipes/decorations/white_banner": {
    "criteria": {
      "has_white_wool": "2024-07-06 04:48:23 +0000"
    },
    "done": true
  },
  "minecraft:recipes/building_blocks/polished_diorite_slab_from_diorite_stonecutting": {
    "criteria": {
      "has_diorite": "2024-07-06 03:49:12 +0000"
    },
    "done": true
  },
  "cgm:recipes/cgm/machine_pistol": {
    "criteria": {
      "has_iron_ingot": "2024-07-06 04:55:07 +0000"
    },
    "done": true
  },
  "cfm:recipes/cfm/blue_grill": {
    "criteria": {
      "has_iron": "2024-07-06 04:55:07 +0000"
    },
    "done": true
  },
  "cfm:recipes/cfm/jungle_kitchen_sink_light": {
    "criteria": {
      "has_bottom": "2024-07-06 04:49:05 +0000"
    },
    "done": true
  },
  "minecraft:recipes/combat/iron_helmet": {
    "criteria": {
      "has_iron_ingot": "2024-07-06 04:55:07 +0000"
    },
    "done": true
  },
  "cfm:recipes/cfm/yellow_grill": {
    "criteria": {
      "has_iron": "2024-07-06 04:55:07 +0000"
    },
    "done": true
  },
  "minecraft:recipes/food/cooked_mutton_from_grill_cooking": {
    "criteria": {
      "has_mutton": "2024-07-06 04:48:24 +0000"
    },
    "done": true
  },
  "cfm:recipes/cfm/white_sofa": {
    "criteria": {
      "has_wool": "2024-07-06 04:48:23 +0000"
    },
    "done": true
  },
  "cgm:recipes/cgm/light_stock": {
    "criteria": {
      "has_iron_ingot": "2024-07-06 05:03:43 +0000"
    },
    "done": true
  },
  "minecraft:recipes/building_blocks/stone_stairs_from_stone_stonecutting": {
    "criteria": {
      "has_stone": "2024-07-06 03:49:11 +0000"
    },
    "done": true
  },
  "cfm:recipes/cfm/purple_grill": {
    "criteria": {
      "has_iron": "2024-07-06 04:55:07 +0000"
    },
    "done": true
  },
  "minecraft:recipes/decorations/iron_bars": {
    "criteria": {
      "has_iron_ingot": "2024-07-06 04:55:07 +0000"
    },
    "done": true
  },
  "cgm:recipes/cgm/grenade": {
    "criteria": {
      "has_iron_ingot": "2024-07-06 05:03:43 +0000"
    },
    "done": true
  },
  "minecraft:recipes/decorations/diorite_wall_from_diorite_stonecutting": {
    "criteria": {
      "has_diorite": "2024-07-06 03:49:12 +0000"
    },
    "done": true
  },
  "minecraft:recipes/building_blocks/blue_wool": {
    "criteria": {
      "has_white_wool": "2024-07-06 04:48:23 +0000"
    },
    "done": true
  },
  "cgm:recipes/cgm/medium_scope": {
    "criteria": {
      "has_iron_ingot": "2024-07-06 05:03:43 +0000"
    },
    "done": true
  },
  "endergetic:recipes/transportation/poise_boat": {
    "criteria": {
      "in_water": "2024-07-06 03:55:01 +0000"
    },
    "done": true
  },
  "minecraft:story/obtain_armor": {
    "criteria": {
      "iron_helmet": "2024-07-06 04:56:02 +0000"
    },
    "done": true
  },
  "travelersbackpack:recipes/travelersbackpack/skeleton": {
    "criteria": {
      "has_arrow": "2024-07-06 02:55:24 +0000"
    },
    "done": true
  },
  "cfm:recipes/cfm/jungle_cabinet": {
    "criteria": {
      "has_log": "2024-07-06 04:47:43 +0000"
    },
    "done": true
  },
  "minecraft:story/mine_stone": {
    "criteria": {
      "get_stone": "2024-07-06 04:47:25 +0000"
    },
    "done": true
  },
  "minecraft:recipes/decorations/furnace": {
    "criteria": {
      "has_cobblestone": "2024-07-06 04:47:25 +0000"
    },
    "done": true
  },
  "minecraft:recipes/transportation/minecart": {
    "criteria": {
      "has_iron_ingot": "2024-07-06 04:55:07 +0000"
    },
    "done": true
  },
  "tombstone:adventure/strong_or_careful": {
    "criteria": {
      "coded_trigger": "2024-07-06 05:01:20 +0000"
    },
    "done": true
  },
  "minecraft:recipes/misc/charcoal": {
    "criteria": {
      "has_log": "2024-07-06 04:03:10 +0000"
    },
    "done": true
  },
  "cfm:recipes/cfm/jungle_blinds": {
    "criteria": {
      "has_log": "2024-07-06 04:47:43 +0000"
    },
    "done": true
  },
  "cfm:recipes/cfm/jungle_desk_cabinet": {
    "criteria": {
      "has_log": "2024-07-06 04:47:43 +0000"
    },
    "done": true
  },
  "minecraft:recipes/building_blocks/orange_wool": {
    "criteria": {
      "has_white_wool": "2024-07-06 04:48:23 +0000"
    },
    "done": true
  },
  "cgm:recipes/cgm/long_scope": {
    "criteria": {
      "has_iron_ingot": "2024-07-06 05:03:43 +0000"
    },
    "done": true
  },
  "minecraft:recipes/tools/wooden_pickaxe": {
    "criteria": {
      "has_stick": "2024-07-06 04:49:08 +0000"
    },
    "done": true
  },
  "minecraft:recipes/tools/iron_hoe": {
    "criteria": {
      "has_iron_ingot": "2024-07-06 04:55:07 +0000"
    },
    "done": true
  },
  "minecraft:recipes/building_blocks/cobblestone_slab_from_cobblestone_stonecutting": {
    "criteria": {
      "has_cobblestone": "2024-07-06 04:47:25 +0000"
    },
    "done": true
  },
  "minecraft:recipes/transportation/birch_boat": {
    "criteria": {
      "in_water": "2024-07-06 03:55:01 +0000"
    },
    "done": true
  },
  "cgm:recipes/cgm/silencer": {
    "criteria": {
      "has_iron_ingot": "2024-07-06 05:03:43 +0000"
    },
    "done": true
  },
  "minecraft:recipes/building_blocks/polished_granite_slab_from_granite_stonecutting": {
    "criteria": {
      "has_granite": "2024-07-06 03:49:11 +0000"
    },
    "done": true
  },
  "cfm:recipes/cfm/oak_kitchen_drawer": {
    "criteria": {
      "has_log": "2024-07-06 04:03:10 +0000"
    },
    "done": true
  },
  "cfm:recipes/cfm/stripped_jungle_park_bench": {
    "criteria": {
      "has_log": "2024-07-06 04:47:43 +0000"
    },
    "done": true
  },
  "minecraft:recipes/decorations/enchanting_table": {
    "criteria": {
      "has_obsidian": "2024-07-06 05:03:44 +0000"
    },
    "done": true
  },
  "cfm:recipes/cfm/stripped_oak_coffee_table": {
    "criteria": {
      "has_planks": "2024-07-06 04:03:10 +0000"
    },
    "done": true
  },
  "minecraft:recipes/transportation/acacia_boat": {
    "criteria": {
      "in_water": "2024-07-06 03:55:01 +0000"
    },
    "done": true
  },
  "cfm:recipes/cfm/stripped_oak_cabinet": {
    "criteria": {
      "has_log": "2024-07-06 04:03:10 +0000"
    },
    "done": true
  },
  "minecraft:recipes/tools/iron_shovel": {
    "criteria": {
      "has_iron_ingot": "2024-07-06 04:55:07 +0000"
    },
    "done": true
  },
  "minecraft:recipes/redstone/iron_trapdoor": {
    "criteria": {
      "has_iron_ingot": "2024-07-06 04:55:07 +0000"
    },
    "done": true
  },
  "farmersdelight:recipes/farmersdelight/cutting_board": {
    "criteria": {
      "has_stick": "2024-07-06 04:49:08 +0000"
    },
    "done": true
  },
  "minecraft:adventure/root": {
    "criteria": {
      "killed_something": "2024-07-06 02:55:24 +0000"
    },
    "done": true
  },
  "farmersdelight:main/root": {
    "criteria": {
      "seeds": "2024-07-06 02:52:45 +0000"
    },
    "done": true
  },
  "minecraft:recipes/decorations/jungle_fence": {
    "criteria": {
      "has_planks": "2024-07-06 04:49:05 +0000"
    },
    "done": true
  },
  "minecraft:recipes/building_blocks/stone_brick_stairs_from_stone_stonecutting": {
    "criteria": {
      "has_stone": "2024-07-06 03:49:11 +0000"
    },
    "done": true
  },
  "cfm:recipes/cfm/stripped_jungle_kitchen_counter": {
    "criteria": {
      "has_log": "2024-07-06 04:47:43 +0000"
    },
    "done": true
  },
  "minecraft:recipes/tools/stone_hoe": {
    "criteria": {
      "has_cobblestone": "2024-07-06 04:47:25 +0000"
    },
    "done": true
  },
  "cfm:recipes/cfm/stripped_oak_desk_cabinet": {
    "criteria": {
      "has_planks": "2024-07-06 04:03:10 +0000"
    },
    "done": true
  },
  "minecraft:adventure/kill_all_mobs": {
    "criteria": {
      "minecraft:skeleton": "2024-07-06 02:55:24 +0000",
      "minecraft:creeper": "2024-07-06 04:48:07 +0000"
    },
    "done": false
  },
  "minecraft:recipes/building_blocks/polished_granite_slab_from_polished_granite_stonecutting": {
    "criteria": {
      "has_polished_granite": "2024-07-06 03:49:12 +0000"
    },
    "done": true
  },
  "cfm:recipes/cfm/oak_upgraded_gate": {
    "criteria": {
      "has_log": "2024-07-06 04:03:10 +0000"
    },
    "done": true
  },
  "farmersdelight:recipes/farmersdelight/cooking_pot": {
    "criteria": {
      "has_iron_ingot": "2024-07-06 04:55:07 +0000"
    },
    "done": true
  },
  "farmersdelight:recipes/farmersdelight/cooking/dog_food": {
    "criteria": {
      "has_any_ingredient": "2024-07-06 03:55:34 +0000"
    },
    "done": true
  },
  "minecraft:recipes/building_blocks/granite_slab": {
    "criteria": {
      "has_granite": "2024-07-06 03:49:11 +0000"
    },
    "done": true
  },
  "minecraft:recipes/decorations/white_carpet": {
    "criteria": {
      "has_white_wool": "2024-07-06 04:48:23 +0000"
    },
    "done": true
  },
  "cfm:recipes/cfm/stripped_jungle_bedside_cabinet": {
    "criteria": {
      "has_planks": "2024-07-06 04:47:43 +0000"
    },
    "done": true
  },
  "minecraft:recipes/misc/iron_nugget_from_smelting": {
    "criteria": {
      "has_iron_helmet": "2024-07-06 04:56:02 +0000"
    },
    "done": true
  },
  "minecraft:recipes/food/cooked_mutton_from_smoking": {
    "criteria": {
      "has_mutton": "2024-07-06 04:48:24 +0000"
    },
    "done": true
  },
  "cgm:recipes/cgm/tactical_stock": {
    "criteria": {
      "has_iron_ingot": "2024-07-06 05:03:43 +0000"
    },
    "done": true
  },
  "cfm:recipes/cfm/white_grill": {
    "criteria": {
      "has_iron": "2024-07-06 04:55:07 +0000"
    },
    "done": true
  },
  "cfm:recipes/cfm/pink_grill": {
    "criteria": {
      "has_iron": "2024-07-06 04:55:07 +0000"
    },
    "done": true
  },
  "minecraft:recipes/decorations/granite_wall_from_granite_stonecutting": {
    "criteria": {
      "has_granite": "2024-07-06 03:49:11 +0000"
    },
    "done": true
  },
  "cgm:recipes/cgm/stun_grenade": {
    "criteria": {
      "has_iron_ingot": "2024-07-06 05:03:43 +0000"
    },
    "done": true
  },
  "minecraft:recipes/decorations/chain": {
    "criteria": {
      "has_iron_ingot": "2024-07-06 04:55:07 +0000"
    },
    "done": true
  },
  "tombstone:adventure/first_knowledge": {
    "criteria": {
      "coded_trigger": "2024-07-06 05:01:20 +0000"
    },
    "done": true
  },
  "minecraft:story/upgrade_tools": {
    "criteria": {
      "stone_pickaxe": "2024-07-06 04:49:11 +0000"
    },
    "done": true
  },
  "minecraft:recipes/building_blocks/polished_granite_stairs_from_granite_stonecutting": {
    "criteria": {
      "has_granite": "2024-07-06 03:49:11 +0000"
    },
    "done": true
  },
  "cfm:recipes/cfm/magenta_grill": {
    "criteria": {
      "has_iron": "2024-07-06 04:55:07 +0000"
    },
    "done": true
  },
  "minecraft:recipes/transportation/oak_boat": {
    "criteria": {
      "in_water": "2024-07-06 03:55:01 +0000"
    },
    "done": true
  },
  "cfm:recipes/cfm/jungle_table": {
    "criteria": {
      "has_log": "2024-07-06 04:47:43 +0000"
    },
    "done": true
  },
  "cgm:recipes/cgm/mini_gun": {
    "criteria": {
      "has_iron_ingot": "2024-07-06 04:55:07 +0000"
    },
    "done": true
  },
  "cgm:recipes/cgm/rifle": {
    "criteria": {
      "has_iron_ingot": "2024-07-06 04:55:07 +0000"
    },
    "done": true
  },
  "cfm:recipes/cfm/oak_park_bench": {
    "criteria": {
      "has_log": "2024-07-06 04:03:10 +0000"
    },
    "done": true
  },
  "cfm:recipes/cfm/jungle_chair": {
    "criteria": {
      "has_log": "2024-07-06 04:47:43 +0000"
    },
    "done": true
  },
  "cfm:recipes/cfm/stripped_oak_park_bench": {
    "criteria": {
      "has_log": "2024-07-06 04:03:10 +0000"
    },
    "done": true
  },
  "deeperdarker:recipes/deeperdarker/echo_boat": {
    "criteria": {
      "in_water": "2024-07-06 03:55:01 +0000"
    },
    "done": true
  },
  "minecraft:recipes/tools/wooden_axe": {
    "criteria": {
      "has_stick": "2024-07-06 04:49:08 +0000"
    },
    "done": true
  },
  "minecraft:recipes/building_blocks/lime_wool": {
    "criteria": {
      "has_white_wool": "2024-07-06 04:48:23 +0000"
    },
    "done": true
  },
  "minecraft:recipes/building_blocks/granite_stairs": {
    "criteria": {
      "has_granite": "2024-07-06 03:49:11 +0000"
    },
    "done": true
  },
  "minecraft:recipes/redstone/jungle_pressure_plate": {
    "criteria": {
      "has_planks": "2024-07-06 04:49:05 +0000"
    },
    "done": true
  },
  "minecraft:recipes/building_blocks/polished_diorite_stairs_from_diorite_stonecutting": {
    "criteria": {
      "has_diorite": "2024-07-06 03:49:12 +0000"
    },
    "done": true
  },
  "minecraft:recipes/building_blocks/black_wool": {
    "criteria": {
      "has_white_wool": "2024-07-06 04:48:23 +0000"
    },
    "done": true
  },
  "minecraft:recipes/building_blocks/stone_bricks_from_stone_stonecutting": {
    "criteria": {
      "has_stone": "2024-07-06 03:49:11 +0000"
    },
    "done": true
  },
  "minecraft:recipes/building_blocks/green_wool": {
    "criteria": {
      "has_white_wool": "2024-07-06 04:48:23 +0000"
    },
    "done": true
  },
  "minecraft:recipes/misc/iron_ingot_from_blasting_raw_iron": {
    "criteria": {
      "has_raw_iron": "2024-07-06 04:52:21 +0000"
    },
    "done": true
  },
  "minecraft:recipes/building_blocks/diorite_stairs_from_diorite_stonecutting": {
    "criteria": {
      "has_diorite": "2024-07-06 03:49:12 +0000"
    },
    "done": true
  },
  "cfm:recipes/cfm/light_gray_grill": {
    "criteria": {
      "has_iron": "2024-07-06 04:55:07 +0000"
    },
    "done": true
  },
  "minecraft:recipes/building_blocks/brown_wool": {
    "criteria": {
      "has_white_wool": "2024-07-06 04:48:23 +0000"
    },
    "done": true
  },
  "cfm:recipes/cfm/stripped_jungle_table": {
    "criteria": {
      "has_planks": "2024-07-06 04:47:43 +0000"
    },
    "done": true
  },
  "farmersdelight:recipes/farmersdelight/cooking/pasta_with_mutton_chop": {
    "criteria": {
      "has_any_ingredient": "2024-07-06 04:48:24 +0000"
    },
    "done": true
  },
  "cfm:recipes/cfm/stripped_oak_crate": {
    "criteria": {
      "has_planks": "2024-07-06 04:03:10 +0000"
    },
    "done": true
  },
  "minecraft:recipes/building_blocks/iron_block": {
    "criteria": {
      "has_iron_ingot": "2024-07-06 04:55:07 +0000"
    },
    "done": true
  },
  "cfm:recipes/cfm/fridge_dark": {
    "criteria": {
      "has_iron": "2024-07-06 04:55:07 +0000"
    },
    "done": true
  },
  "cfm:recipes/cfm/oak_chair": {
    "criteria": {
      "has_log": "2024-07-06 04:03:10 +0000"
    },
    "done": true
  },
  "minecraft:recipes/decorations/painting": {
    "criteria": {
      "has_wool": "2024-07-06 04:48:23 +0000"
    },
    "done": true
  },
  "cfm:recipes/cfm/jungle_upgraded_fence": {
    "criteria": {
      "has_log": "2024-07-06 04:47:43 +0000"
    },
    "done": true
  },
  "minecraft:recipes/building_blocks/jungle_wood": {
    "criteria": {
      "has_log": "2024-07-06 04:47:43 +0000"
    },
    "done": true
  },
  "minecraft:recipes/building_blocks/stone_slab": {
    "criteria": {
      "has_stone": "2024-07-06 03:49:11 +0000"
    },
    "done": true
  },
  "minecraft:recipes/building_blocks/coal_block": {
    "criteria": {
      "has_coal": "2024-07-06 04:02:46 +0000"
    },
    "done": true
  },
  "cfm:recipes/cfm/stripped_oak_bedside_cabinet": {
    "criteria": {
      "has_planks": "2024-07-06 04:03:10 +0000"
    },
    "done": true
  },
  "minecraft:recipes/misc/gold_nugget_from_blasting": {
    "criteria": {
      "has_golden_shovel": "2024-07-06 05:03:45 +0000"
    },
    "done": true
  },
  "minecraft:recipes/building_blocks/light_blue_wool": {
    "criteria": {
      "has_white_wool": "2024-07-06 04:48:23 +0000"
    },
    "done": true
  },
  "minecraft:recipes/tools/stone_shovel": {
    "criteria": {
      "has_cobblestone": "2024-07-06 04:47:25 +0000"
    },
    "done": true
  },
  "minecraft:recipes/combat/wooden_sword": {
    "criteria": {
      "has_stick": "2024-07-06 04:49:08 +0000"
    },
    "done": true
  },
  "cfm:recipes/cfm/spatula": {
    "criteria": {
      "has_iron": "2024-07-06 04:55:07 +0000"
    },
    "done": true
  },
  "minecraft:recipes/building_blocks/oak_planks": {
    "criteria": {
      "has_logs": "2024-07-06 04:03:10 +0000"
    },
    "done": true
  },
  "farmersdelight:recipes/farmersdelight/cooking/bone_broth": {
    "criteria": {
      "has_bone": "2024-07-06 02:55:43 +0000"
    },
    "done": true
  },
  "minecraft:recipes/building_blocks/diorite_stairs": {
    "criteria": {
      "has_diorite": "2024-07-06 03:49:12 +0000"
    },
    "done": true
  },
  "tombstone:adventure/root": {
    "criteria": {
      "auto": "2024-07-06 02:52:47 +0000"
    },
    "done": true
  },
  "cataclysm:root": {
    "criteria": {
      "custom_test_name": "2024-07-06 02:52:45 +0000"
    },
    "done": true
  },
  "travelersbackpack:recipes/travelersbackpack/crafting_upgrade": {
    "criteria": {
      "has_crafting_table": "2024-07-06 04:54:51 +0000"
    },
    "done": true
  },
  "minecraft:recipes/building_blocks/granite_slab_from_granite_stonecutting": {
    "criteria": {
      "has_granite": "2024-07-06 03:49:11 +0000"
    },
    "done": true
  },
  "cfm:recipes/cfm/stripped_oak_kitchen_counter": {
    "criteria": {
      "has_log": "2024-07-06 04:03:10 +0000"
    },
    "done": true
  },
  "cgm:recipes/cgm/workbench": {
    "criteria": {
      "has_iron": "2024-07-06 04:55:07 +0000"
    },
    "done": true
  },
  "cgm:recipes/cgm/assault_rifle": {
    "criteria": {
      "has_iron_ingot": "2024-07-06 04:55:07 +0000"
    },
    "done": true
  },
  "minecraft:recipes/decorations/jungle_sign": {
    "criteria": {
      "has_planks": "2024-07-06 04:49:05 +0000"
    },
    "done": true
  },
  "cfm:recipes/cfm/jungle_hedge": {
    "criteria": {
      "has_leaves": "2024-07-06 02:55:38 +0000"
    },
    "done": true
  },
  "minecraft:recipes/tools/iron_axe": {
    "criteria": {
      "has_iron_ingot": "2024-07-06 04:55:07 +0000"
    },
    "done": true
  },
  "minecraft:recipes/building_blocks/andesite": {
    "criteria": {
      "has_stone": "2024-07-06 03:49:12 +0000"
    },
    "done": true
  },
  "cfm:recipes/cfm/oak_table": {
    "criteria": {
      "has_log": "2024-07-06 04:03:10 +0000"
    },
    "done": true
  },
  "minecraft:recipes/building_blocks/jungle_planks": {
    "criteria": {
      "has_logs": "2024-07-06 04:47:43 +0000"
    },
    "done": true
  },
  "minecraft:recipes/combat/iron_boots": {
    "criteria": {
      "has_iron_ingot": "2024-07-06 04:55:07 +0000"
    },
    "done": true
  },
  "cgm:recipes/cgm/bazooka": {
    "criteria": {
      "has_iron_ingot": "2024-07-06 04:55:07 +0000"
    },
    "done": true
  },
  "minecraft:recipes/misc/bone_meal": {
    "criteria": {
      "has_bone": "2024-07-06 02:55:43 +0000"
    },
    "done": true
  },
  "cfm:recipes/cfm/stripped_jungle_chair": {
    "criteria": {
      "has_planks": "2024-07-06 04:47:43 +0000"
    },
    "done": true
  },
  "cfm:recipes/cfm/oak_desk": {
    "criteria": {
      "has_log": "2024-07-06 04:03:10 +0000"
    },
    "done": true
  },
  "cgm:recipes/cgm/shotgun": {
    "criteria": {
      "has_iron_ingot": "2024-07-06 04:55:07 +0000"
    },
    "done": true
  },
  "minecraft:story/iron_tools": {
    "criteria": {
      "iron_pickaxe": "2024-07-06 04:58:18 +0000"
    },
    "done": true
  },
  "farmersdelight:recipes/farmersdelight/iron_knife": {
    "criteria": {
      "has_iron_ingot": "2024-07-06 04:55:07 +0000"
    },
    "done": true
  },
  "travelersbackpack:recipes/travelersbackpack/coal": {
    "criteria": {
      "has_coal": "2024-07-06 04:02:46 +0000"
    },
    "done": true
  },
  "minecraft:recipes/building_blocks/oak_wood": {
    "criteria": {
      "has_log": "2024-07-06 04:03:10 +0000"
    },
    "done": true
  },
  "minecraft:story/root": {
    "criteria": {
      "crafting_table": "2024-07-06 04:54:51 +0000"
    },
    "done": true
  },
  "minecraft:recipes/redstone/stone_button": {
    "criteria": {
      "has_stone": "2024-07-06 03:49:11 +0000"
    },
    "done": true
  },
  "minecraft:recipes/combat/crossbow": {
    "criteria": {
      "has_stick": "2024-07-06 04:49:08 +0000"
    },
    "done": true
  },
  "minecraft:recipes/combat/iron_chestplate": {
    "criteria": {
      "has_iron_ingot": "2024-07-06 04:55:07 +0000"
    },
    "done": true
  },
  "minecraft:recipes/building_blocks/yellow_wool": {
    "criteria": {
      "has_white_wool": "2024-07-06 04:48:23 +0000"
    },
    "done": true
  },
  "minecraft:recipes/building_blocks/granite_stairs_from_granite_stonecutting": {
    "criteria": {
      "has_granite": "2024-07-06 03:49:11 +0000"
    },
    "done": true
  },
  "minecraft:recipes/building_blocks/polished_diorite_from_diorite_stonecutting": {
    "criteria": {
      "has_diorite": "2024-07-06 03:49:12 +0000"
    },
    "done": true
  },
  "travelersbackpack:recipes/travelersbackpack/hose_nozzle": {
    "criteria": {
      "has_iron": "2024-07-06 04:55:07 +0000"
    },
    "done": true
  },
  "minecraft:story/form_obsidian": {
    "criteria": {
      "obsidian": "2024-07-06 05:03:44 +0000"
    },
    "done": true
  },
  "travelersbackpack:recipes/travelersbackpack/backpack_tank": {
    "criteria": {
      "has_iron": "2024-07-06 04:55:07 +0000"
    },
    "done": true
  },
  "cfm:recipes/cfm/stripped_oak_desk": {
    "criteria": {
      "has_planks": "2024-07-06 04:03:10 +0000"
    },
    "done": true
  },
  "minecraft:recipes/building_blocks/jungle_slab": {
    "criteria": {
      "has_planks": "2024-07-06 04:49:05 +0000"
    },
    "done": true
  },
  "minecraft:recipes/misc/iron_nugget_from_blasting": {
    "criteria": {
      "has_iron_helmet": "2024-07-06 04:56:02 +0000"
    },
    "done": true
  },
  "tombstone:adventure/create_magic_tablet": {
    "criteria": {
      "has_magic_tablet": "2024-07-06 05:03:44 +0000"
    },
    "done": true
  },
  "minecraft:recipes/building_blocks/polished_granite_slab": {
    "criteria": {
      "has_polished_granite": "2024-07-06 03:49:12 +0000"
    },
    "done": true
  },
  "cfm:recipes/cfm/stripped_jungle_cabinet": {
    "criteria": {
      "has_log": "2024-07-06 04:47:43 +0000"
    },
    "done": true
  },
  "minecraft:adventure/kill_a_mob": {
    "criteria": {
      "minecraft:skeleton": "2024-07-06 02:55:24 +0000"
    },
    "done": true
  },
  "cfm:recipes/cfm/jungle_bedside_cabinet": {
    "criteria": {
      "has_log": "2024-07-06 04:47:43 +0000"
    },
    "done": true
  },
  "minecraft:recipes/decorations/diorite_wall": {
    "criteria": {
      "has_diorite": "2024-07-06 03:49:12 +0000"
    },
    "done": true
  },
  "byg:root": {
    "criteria": {
      "tick": "2024-07-06 02:52:45 +0000"
    },
    "done": true
  },
  "cfm:recipes/cfm/oak_cabinet": {
    "criteria": {
      "has_log": "2024-07-06 04:03:10 +0000"
    },
    "done": true
  },
  "minecraft:recipes/building_blocks/polished_granite_stairs_from_polished_granite_stonecutting": {
    "criteria": {
      "has_polished_granite": "2024-07-06 03:49:12 +0000"
    },
    "done": true
  },
  "farmersdelight:recipes/farmersdelight/flint_knife": {
    "criteria": {
      "has_stick": "2024-07-06 04:49:08 +0000"
    },
    "done": true
  },
  "minecraft:recipes/building_blocks/stone": {
    "criteria": {
      "has_cobblestone": "2024-07-06 04:47:25 +0000"
    },
    "done": true
  },
  "cgm:recipes/cgm/weighted_stock": {
    "criteria": {
      "has_iron_ingot": "2024-07-06 05:03:43 +0000"
    },
    "done": true
  },
  "minecraft:recipes/decorations/stonecutter": {
    "criteria": {
      "has_stone": "2024-07-06 03:49:11 +0000"
    },
    "done": true
  },
  "cfm:recipes/cfm/jungle_kitchen_drawer": {
    "criteria": {
      "has_log": "2024-07-06 04:47:43 +0000"
    },
    "done": true
  },
  "cgm:recipes/cgm/missile": {
    "criteria": {
      "has_iron_ingot": "2024-07-06 05:03:43 +0000"
    },
    "done": true
  },
  "minecraft:adventure/adventuring_time": {
    "criteria": {
      "minecraft:beach": "2024-07-06 05:03:38 +0000",
      "minecraft:sparse_jungle": "2024-07-06 03:55:25 +0000",
      "minecraft:river": "2024-07-06 03:55:06 +0000",
      "minecraft:jungle": "2024-07-06 02:52:47 +0000",
      "minecraft:plains": "2024-07-06 04:07:31 +0000"
    },
    "done": false
  },
  "minecraft:recipes/redstone/iron_door": {
    "criteria": {
      "has_iron_ingot": "2024-07-06 04:55:07 +0000"
    },
    "done": true
  },
  "cfm:recipes/cfm/jungle_kitchen_counter": {
    "criteria": {
      "has_log": "2024-07-06 04:47:43 +0000"
    },
    "done": true
  },
  "cfm:recipes/cfm/jungle_park_bench": {
    "criteria": {
      "has_log": "2024-07-06 04:47:43 +0000"
    },
    "done": true
  },
  "cfm:recipes/cfm/red_grill": {
    "criteria": {
      "has_iron": "2024-07-06 04:55:07 +0000"
    },
    "done": true
  },
  "cfm:recipes/cfm/jungle_desk": {
    "criteria": {
      "has_log": "2024-07-06 04:47:43 +0000"
    },
    "done": true
  },
  "minecraft:recipes/combat/stone_sword": {
    "criteria": {
      "has_cobblestone": "2024-07-06 04:47:25 +0000"
    },
    "done": true
  },
  "minecraft:recipes/decorations/cobblestone_wall": {
    "criteria": {
      "has_cobblestone": "2024-07-06 04:47:25 +0000"
    },
    "done": true
  },
  "cfm:recipes/cfm/jungle_upgraded_gate": {
    "criteria": {
      "has_log": "2024-07-06 04:47:43 +0000"
    },
    "done": true
  },
  "minecraft:recipes/decorations/barrel": {
    "criteria": {
      "has_planks": "2024-07-06 04:49:05 +0000"
    },
    "done": true
  },
  "minecraft:recipes/misc/iron_ingot_from_smelting_raw_iron": {
    "criteria": {
      "has_raw_iron": "2024-07-06 04:52:21 +0000"
    },
    "done": true
  },
  "cgm:recipes/cgm/grenade_launcher": {
    "criteria": {
      "has_iron_ingot": "2024-07-06 04:55:07 +0000"
    },
    "done": true
  },
  "minecraft:recipes/tools/stone_pickaxe": {
    "criteria": {
      "has_cobblestone": "2024-07-06 04:47:25 +0000"
    },
    "done": true
  },
  "travelersbackpack:recipes/travelersbackpack/iron": {
    "criteria": {
      "has_iron_ingot": "2024-07-06 04:55:07 +0000"
    },
    "done": true
  },
  "minecraft:recipes/decorations/smithing_table": {
    "criteria": {
      "has_iron_ingot": "2024-07-06 04:55:07 +0000"
    },
    "done": true
  },
  "minecraft:recipes/misc/iron_ingot_from_nuggets": {
    "criteria": {
      "has_iron_nugget": "2024-07-06 05:03:43 +0000"
    },
    "done": true
  },
  "cfm:recipes/cfm/gray_grill": {
    "criteria": {
      "has_iron": "2024-07-06 04:55:07 +0000"
    },
    "done": true
  },
  "cfm:recipes/cfm/oak_desk_cabinet": {
    "criteria": {
      "has_log": "2024-07-06 04:03:10 +0000"
    },
    "done": true
  },
  "cfm:recipes/cfm/lime_grill": {
    "criteria": {
      "has_iron": "2024-07-06 04:55:07 +0000"
    },
    "done": true
  },
  "minecraft:recipes/redstone/stone_pressure_plate": {
    "criteria": {
      "has_stone": "2024-07-06 03:49:11 +0000"
    },
    "done": true
  },
  "cgm:recipes/cgm/light_grip": {
    "criteria": {
      "has_iron_ingot": "2024-07-06 05:03:43 +0000"
    },
    "done": true
  },
  "minecraft:recipes/transportation/jungle_boat": {
    "criteria": {
      "in_water": "2024-07-06 03:55:01 +0000"
    },
    "done": true
  },
  "farmersdelight:recipes/farmersdelight/cooking/hot_cocoa": {
    "criteria": {
      "has_any_ingredient": "2024-07-06 04:47:53 +0000"
    },
    "done": true
  },
  "cgm:recipes/cgm/pistol": {
    "criteria": {
      "has_iron_ingot": "2024-07-06 04:55:07 +0000"
    },
    "done": true
  },
  "minecraft:recipes/decorations/cobblestone_wall_from_cobblestone_stonecutting": {
    "criteria": {
      "has_cobblestone": "2024-07-06 04:47:25 +0000"
    },
    "done": true
  },
  "minecraft:recipes/decorations/stone_brick_walls_from_stone_stonecutting": {
    "criteria": {
      "has_stone": "2024-07-06 03:49:11 +0000"
    },
    "done": true
  },
  "minecraft:recipes/building_blocks/jungle_stairs": {
    "criteria": {
      "has_planks": "2024-07-06 04:49:05 +0000"
    },
    "done": true
  },
  "minecraft:recipes/redstone/heavy_weighted_pressure_plate": {
    "criteria": {
      "has_iron_ingot": "2024-07-06 04:55:07 +0000"
    },
    "done": true
  },
  "cfm:recipes/cfm/black_grill": {
    "criteria": {
      "has_iron": "2024-07-06 04:55:07 +0000"
    },
    "done": true
  },
  "minecraft:recipes/transportation/dark_oak_boat": {
    "criteria": {
      "in_water": "2024-07-06 03:55:01 +0000"
    },
    "done": true
  },
  "minecraft:recipes/building_blocks/pink_wool": {
    "criteria": {
      "has_white_wool": "2024-07-06 04:48:23 +0000"
    },
    "done": true
  },
  "minecraft:recipes/redstone/jungle_door": {
    "criteria": {
      "has_planks": "2024-07-06 04:49:05 +0000"
    },
    "done": true
  },
  "cgm:recipes/cgm/heavy_rifle": {
    "criteria": {
      "has_iron_ingot": "2024-07-06 04:55:07 +0000"
    },
    "done": true
  },
  "cgm:recipes/cgm/short_scope": {
    "criteria": {
      "has_iron_ingot": "2024-07-06 05:03:43 +0000"
    },
    "done": true
  },
  "cfm:recipes/cfm/stripped_jungle_coffee_table": {
    "criteria": {
      "has_planks": "2024-07-06 04:47:43 +0000"
    },
    "done": true
  },
  "cfm:recipes/cfm/cyan_grill": {
    "criteria": {
      "has_iron": "2024-07-06 04:55:07 +0000"
    },
    "done": true
  },
  "minecraft:recipes/building_blocks/polished_granite": {
    "criteria": {
      "has_granite": "2024-07-06 03:49:11 +0000"
    },
    "done": true
  },
  "minecraft:recipes/redstone/jungle_fence_gate": {
    "criteria": {
      "has_planks": "2024-07-06 04:49:05 +0000"
    },
    "done": true
  },
  "tombstone:adventure/choose_knowledge": {
    "criteria": {
      "coded_trigger": "2024-07-06 05:01:55 +0000"
    },
    "done": true
  },
  "minecraft:recipes/decorations/lantern": {
    "criteria": {
      "has_iron_ingot": "2024-07-06 04:55:07 +0000"
    },
    "done": true
  },
  "minecraft:recipes/building_blocks/stone_stairs": {
    "criteria": {
      "has_stone": "2024-07-06 03:49:11 +0000"
    },
    "done": true
  },
  "cfm:recipes/cfm/light_blue_grill": {
    "criteria": {
      "has_iron": "2024-07-06 04:55:07 +0000"
    },
    "done": true
  },
  "cfm:recipes/cfm/oak_upgraded_fence": {
    "criteria": {
      "has_log": "2024-07-06 04:03:10 +0000"
    },
    "done": true
  },
  "cfm:recipes/cfm/post_box": {
    "criteria": {
      "has_iron": "2024-07-06 04:55:07 +0000"
    },
    "done": true
  },
  "cfm:recipes/cfm/jungle_kitchen_sink_dark": {
    "criteria": {
      "has_bottom": "2024-07-06 04:49:05 +0000"
    },
    "done": true
  },
  "minecraft:recipes/food/cookie": {
    "criteria": {
      "has_cocoa": "2024-07-06 04:47:53 +0000"
    },
    "done": true
  },
  "cfm:recipes/cfm/stripped_jungle_kitchen_drawer": {
    "criteria": {
      "has_log": "2024-07-06 04:47:43 +0000"
    },
    "done": true
  },
  "minecraft:recipes/misc/gold_nugget_from_smelting": {
    "criteria": {
      "has_golden_shovel": "2024-07-06 05:03:45 +0000"
    },
    "done": true
  },
  "minecraft:recipes/building_blocks/polished_diorite": {
    "criteria": {
      "has_diorite": "2024-07-06 03:49:12 +0000"
    },
    "done": true
  },
  "minecraft:recipes/building_blocks/light_gray_wool": {
    "criteria": {
      "has_white_wool": "2024-07-06 04:48:23 +0000"
    },
    "done": true
  },
  "minecraft:recipes/building_blocks/red_wool": {
    "criteria": {
      "has_white_wool": "2024-07-06 04:48:23 +0000"
    },
    "done": true
  },
  "minecraft:recipes/decorations/soul_campfire": {
    "criteria": {
      "has_stick": "2024-07-06 04:49:08 +0000"
    },
    "done": true
  },
  "minecraft:story/smelt_iron": {
    "criteria": {
      "iron": "2024-07-06 04:55:07 +0000"
    },
    "done": true
  },
  "minecraft:recipes/tools/stone_axe": {
    "criteria": {
      "has_cobblestone": "2024-07-06 04:47:25 +0000"
    },
    "done": true
  },
  "minecraft:recipes/misc/brown_dye": {
    "criteria": {
      "has_cocoa_beans": "2024-07-06 04:47:53 +0000"
    },
    "done": true
  },
  "minecraft:recipes/food/cooked_mutton": {
    "criteria": {
      "has_mutton": "2024-07-06 04:48:24 +0000"
    },
    "done": true
  },
  "minecraft:recipes/building_blocks/raw_iron_block": {
    "criteria": {
      "has_raw_iron": "2024-07-06 04:52:21 +0000"
    },
    "done": true
  },
  "cfm:recipes/cfm/jungle_crate": {
    "criteria": {
      "has_log": "2024-07-06 04:47:43 +0000"
    },
    "done": true
  },
  "cfm:recipes/cfm/oak_coffee_table": {
    "criteria": {
      "has_log": "2024-07-06 04:03:10 +0000"
    },
    "done": true
  },
  "cfm:recipes/cfm/fridge_light": {
    "criteria": {
      "has_iron": "2024-07-06 04:55:07 +0000"
    },
    "done": true
  },
  "DataVersion": 3120
}